"species","in_M","in_L","in_D","in_C","n_spaces","category","excl_space"
"4026",TRUE,TRUE,FALSE,TRUE,3,"shared",NA
"2699",TRUE,TRUE,TRUE,TRUE,4,"shared",NA
"6943",TRUE,TRUE,FALSE,TRUE,3,"shared",NA
"8220",TRUE,TRUE,TRUE,TRUE,4,"shared",NA
"3775",TRUE,TRUE,TRUE,TRUE,4,"shared",NA
"3341",TRUE,TRUE,TRUE,TRUE,4,"shared",NA
"708",TRUE,TRUE,FALSE,TRUE,3,"shared",NA
"3355",TRUE,TRUE,TRUE,TRUE,4,"shared",NA
"151",TRUE,TRUE,TRUE,TRUE,4,"shared",NA
"3317",TRUE,TRUE,FALSE,TRUE,3,"shared",NA
"3361",TRUE,TRUE,TRUE,TRUE,4,"shared",NA
"2247",TRUE,TRUE,FALSE,TRUE,3,"shared",NA
"867",TRUE,TRUE,TRUE,TRUE,4,"shared",NA
"2698",TRUE,TRUE,TRUE,TRUE,4,"shared",NA
"7815",TRUE,TRUE,TRUE,TRUE,4,"shared",NA
"4027",TRUE,TRUE,FALSE,TRUE,3,"shared",NA
"5550",TRUE,TRUE,TRUE,TRUE,4,"shared",NA
"2466",TRUE,TRUE,FALSE,TRUE,3,"shared",NA
"3315",TRUE,TRUE,FALSE,TRUE,3,"shared",NA
"709",TRUE,TRUE,FALSE,TRUE,3,"shared",NA
"1652",TRUE,TRUE,TRUE,TRUE,4,"shared",NA
"686",TRUE,FALSE,FALSE,TRUE,2,"shared",NA
"2249",TRUE,TRUE,TRUE,TRUE,4,"shared",NA
"2251",TRUE,TRUE,TRUE,TRUE,4,"shared",NA
"5553",TRUE,TRUE,TRUE,TRUE,4,"shared",NA
"4049",TRUE,TRUE,FALSE,TRUE,3,"shared",NA
"3319",TRUE,TRUE,FALSE,TRUE,3,"shared",NA
"3360",TRUE,TRUE,TRUE,TRUE,4,"shared",NA
"2468",TRUE,TRUE,FALSE,TRUE,3,"shared",NA
"2467",TRUE,TRUE,FALSE,TRUE,3,"shared",NA
"3359",TRUE,TRUE,TRUE,TRUE,4,"shared",NA
"2464",TRUE,TRUE,FALSE,TRUE,3,"shared",NA
"2465",TRUE,TRUE,FALSE,TRUE,3,"shared",NA
"2463",TRUE,TRUE,FALSE,TRUE,3,"shared",NA
"1655",TRUE,TRUE,FALSE,TRUE,3,"shared",NA
"707",TRUE,TRUE,FALSE,TRUE,3,"shared",NA
"706",TRUE,TRUE,FALSE,TRUE,3,"shared",NA
"3316",TRUE,TRUE,FALSE,TRUE,3,"shared",NA
"6030",TRUE,TRUE,TRUE,TRUE,4,"shared",NA
"1653",TRUE,TRUE,FALSE,TRUE,3,"shared",NA
"3432",TRUE,TRUE,TRUE,TRUE,4,"shared",NA
"5001",TRUE,TRUE,FALSE,TRUE,3,"shared",NA
"869",TRUE,FALSE,FALSE,TRUE,2,"shared",NA
"5549",TRUE,TRUE,FALSE,TRUE,3,"shared",NA
"2248",TRUE,TRUE,TRUE,TRUE,4,"shared",NA
"625",TRUE,TRUE,TRUE,TRUE,4,"shared",NA
"3404",TRUE,TRUE,TRUE,TRUE,4,"shared",NA
"3363",TRUE,TRUE,TRUE,TRUE,4,"shared",NA
"5311",TRUE,TRUE,FALSE,TRUE,3,"shared",NA
"868",TRUE,FALSE,FALSE,TRUE,2,"shared",NA
"631",TRUE,TRUE,TRUE,TRUE,4,"shared",NA
"5551",TRUE,TRUE,TRUE,TRUE,4,"shared",NA
"5555",TRUE,TRUE,TRUE,TRUE,4,"shared",NA
"606",TRUE,TRUE,TRUE,TRUE,4,"shared",NA
"7897",TRUE,TRUE,TRUE,TRUE,4,"shared",NA
"1656",TRUE,TRUE,TRUE,TRUE,4,"shared",NA
"5556",TRUE,TRUE,TRUE,TRUE,4,"shared",NA
"7658",TRUE,TRUE,FALSE,TRUE,3,"shared",NA
"3364",TRUE,TRUE,TRUE,TRUE,4,"shared",NA
"3362",TRUE,TRUE,TRUE,TRUE,4,"shared",NA
"5539",TRUE,FALSE,FALSE,TRUE,2,"shared",NA
"3033",TRUE,TRUE,TRUE,TRUE,4,"shared",NA
"3400",TRUE,TRUE,TRUE,TRUE,4,"shared",NA
"3318",TRUE,TRUE,FALSE,TRUE,3,"shared",NA
"626",TRUE,TRUE,TRUE,TRUE,4,"shared",NA
"5765",TRUE,TRUE,FALSE,TRUE,3,"shared",NA
"7663",TRUE,TRUE,FALSE,TRUE,3,"shared",NA
"3401",TRUE,TRUE,TRUE,TRUE,4,"shared",NA
"1025",TRUE,TRUE,FALSE,TRUE,3,"shared",NA
"5554",TRUE,TRUE,TRUE,TRUE,4,"shared",NA
"4749",TRUE,TRUE,FALSE,TRUE,3,"shared",NA
"6235",TRUE,TRUE,TRUE,TRUE,4,"shared",NA
"3030",TRUE,TRUE,FALSE,TRUE,3,"shared",NA
"6958",TRUE,TRUE,TRUE,TRUE,4,"shared",NA
"2109",TRUE,FALSE,FALSE,TRUE,2,"shared",NA
"7661",TRUE,TRUE,FALSE,TRUE,3,"shared",NA
"3357",TRUE,TRUE,TRUE,TRUE,4,"shared",NA
"5770",TRUE,TRUE,FALSE,TRUE,3,"shared",NA
"5767",TRUE,TRUE,FALSE,TRUE,3,"shared",NA
"5774",TRUE,TRUE,TRUE,TRUE,4,"shared",NA
"2246",TRUE,TRUE,TRUE,TRUE,4,"shared",NA
"7660",TRUE,TRUE,FALSE,TRUE,3,"shared",NA
"5003",TRUE,TRUE,FALSE,TRUE,3,"shared",NA
"5538",TRUE,TRUE,FALSE,TRUE,3,"shared",NA
"624",TRUE,TRUE,TRUE,TRUE,4,"shared",NA
"628",TRUE,TRUE,TRUE,TRUE,4,"shared",NA
"4748",TRUE,FALSE,TRUE,TRUE,3,"shared",NA
"689",TRUE,FALSE,TRUE,TRUE,3,"shared",NA
"4454",TRUE,TRUE,FALSE,TRUE,3,"shared",NA
"6840",TRUE,TRUE,FALSE,TRUE,3,"shared",NA
"4747",TRUE,FALSE,TRUE,TRUE,3,"shared",NA
"422",TRUE,TRUE,TRUE,TRUE,4,"shared",NA
"627",TRUE,TRUE,TRUE,TRUE,4,"shared",NA
"3403",TRUE,TRUE,TRUE,TRUE,4,"shared",NA
"5002",TRUE,TRUE,FALSE,TRUE,3,"shared",NA
"5769",TRUE,TRUE,FALSE,TRUE,3,"shared",NA
"3031",TRUE,TRUE,TRUE,TRUE,4,"shared",NA
"1532",TRUE,TRUE,TRUE,TRUE,4,"shared",NA
"685",TRUE,TRUE,FALSE,TRUE,3,"shared",NA
"3034",TRUE,TRUE,FALSE,TRUE,3,"shared",NA
"712",TRUE,FALSE,FALSE,TRUE,2,"shared",NA
"7662",TRUE,TRUE,FALSE,TRUE,3,"shared",NA
"7314",TRUE,TRUE,TRUE,TRUE,4,"shared",NA
"5004",TRUE,TRUE,FALSE,TRUE,3,"shared",NA
"3358",TRUE,TRUE,TRUE,TRUE,4,"shared",NA
"7472",TRUE,TRUE,FALSE,TRUE,3,"shared",NA
"5778",TRUE,TRUE,FALSE,TRUE,3,"shared",NA
"7664",TRUE,TRUE,FALSE,TRUE,3,"shared",NA
"5777",TRUE,TRUE,FALSE,TRUE,3,"shared",NA
"4746",TRUE,TRUE,FALSE,TRUE,3,"shared",NA
"5537",TRUE,FALSE,FALSE,TRUE,2,"shared",NA
"693",TRUE,TRUE,FALSE,TRUE,3,"shared",NA
"3402",TRUE,TRUE,TRUE,TRUE,4,"shared",NA
"7656",TRUE,TRUE,FALSE,TRUE,3,"shared",NA
"5768",TRUE,TRUE,FALSE,TRUE,3,"shared",NA
"1441",TRUE,FALSE,TRUE,TRUE,3,"shared",NA
"4240",TRUE,TRUE,FALSE,TRUE,3,"shared",NA
"1069",TRUE,TRUE,TRUE,TRUE,4,"shared",NA
"687",TRUE,TRUE,FALSE,TRUE,3,"shared",NA
"6080",TRUE,TRUE,TRUE,TRUE,4,"shared",NA
"2111",TRUE,FALSE,FALSE,TRUE,2,"shared",NA
"4239",TRUE,TRUE,TRUE,TRUE,4,"shared",NA
"5766",TRUE,TRUE,FALSE,TRUE,3,"shared",NA
"629",TRUE,TRUE,TRUE,TRUE,4,"shared",NA
"1022",TRUE,TRUE,FALSE,TRUE,3,"shared",NA
"5536",TRUE,FALSE,FALSE,TRUE,2,"shared",NA
"607",TRUE,TRUE,TRUE,TRUE,4,"shared",NA
"2250",TRUE,TRUE,TRUE,TRUE,4,"shared",NA
"2114",TRUE,FALSE,FALSE,TRUE,2,"shared",NA
"1531",TRUE,TRUE,TRUE,TRUE,4,"shared",NA
"6960",TRUE,TRUE,TRUE,TRUE,4,"shared",NA
"5776",TRUE,TRUE,FALSE,TRUE,3,"shared",NA
"3406",TRUE,TRUE,TRUE,TRUE,4,"shared",NA
"4689",TRUE,TRUE,TRUE,TRUE,4,"shared",NA
"1693",TRUE,TRUE,TRUE,TRUE,4,"shared",NA
"4494",TRUE,TRUE,FALSE,TRUE,3,"shared",NA
"3713",TRUE,TRUE,FALSE,TRUE,3,"shared",NA
"4646",TRUE,FALSE,FALSE,TRUE,2,"shared",NA
"5552",TRUE,TRUE,TRUE,TRUE,4,"shared",NA
"1654",TRUE,TRUE,FALSE,TRUE,3,"shared",NA
"2108",TRUE,FALSE,FALSE,TRUE,2,"shared",NA
"4648",TRUE,FALSE,FALSE,TRUE,2,"shared",NA
"2051",TRUE,TRUE,FALSE,TRUE,3,"shared",NA
"2110",TRUE,FALSE,FALSE,TRUE,2,"shared",NA
"7659",TRUE,TRUE,FALSE,TRUE,3,"shared",NA
"4688",TRUE,TRUE,TRUE,TRUE,4,"shared",NA
"1695",TRUE,TRUE,TRUE,TRUE,4,"shared",NA
"434",TRUE,TRUE,FALSE,TRUE,3,"shared",NA
"1409",TRUE,TRUE,TRUE,TRUE,4,"shared",NA
"4485",TRUE,FALSE,TRUE,TRUE,3,"shared",NA
"3433",TRUE,TRUE,TRUE,TRUE,4,"shared",NA
"6838",TRUE,FALSE,FALSE,TRUE,2,"shared",NA
"5775",TRUE,TRUE,TRUE,TRUE,4,"shared",NA
"3405",TRUE,TRUE,TRUE,TRUE,4,"shared",NA
"1696",TRUE,TRUE,TRUE,TRUE,4,"shared",NA
"684",TRUE,TRUE,FALSE,TRUE,3,"shared",NA
"1768",TRUE,TRUE,FALSE,TRUE,3,"shared",NA
"3407",TRUE,TRUE,TRUE,TRUE,4,"shared",NA
"4647",TRUE,FALSE,FALSE,TRUE,2,"shared",NA
"688",TRUE,FALSE,FALSE,TRUE,2,"shared",NA
"70",TRUE,TRUE,FALSE,TRUE,3,"shared",NA
"4455",TRUE,TRUE,FALSE,TRUE,3,"shared",NA
"2132",TRUE,TRUE,TRUE,TRUE,4,"shared",NA
"630",TRUE,TRUE,TRUE,TRUE,4,"shared",NA
"3032",TRUE,TRUE,FALSE,TRUE,3,"shared",NA
"634",TRUE,TRUE,FALSE,TRUE,3,"shared",NA
"2112",TRUE,FALSE,FALSE,TRUE,2,"shared",NA
"4691",TRUE,TRUE,TRUE,TRUE,4,"shared",NA
"3193",TRUE,TRUE,TRUE,TRUE,4,"shared",NA
"5230",TRUE,FALSE,FALSE,TRUE,2,"shared",NA
"7246",TRUE,TRUE,TRUE,TRUE,4,"shared",NA
"4690",TRUE,TRUE,TRUE,TRUE,4,"shared",NA
"5574",TRUE,FALSE,FALSE,TRUE,2,"shared",NA
"7657",TRUE,TRUE,FALSE,TRUE,3,"shared",NA
"5074",TRUE,TRUE,TRUE,TRUE,4,"shared",NA
"5579",TRUE,FALSE,FALSE,TRUE,2,"shared",NA
"2113",TRUE,FALSE,FALSE,TRUE,2,"shared",NA
"1283",TRUE,FALSE,FALSE,FALSE,1,"exclusive","M"
"447",TRUE,TRUE,TRUE,TRUE,4,"shared",NA
"1691",TRUE,TRUE,TRUE,TRUE,4,"shared",NA
"3139",TRUE,FALSE,FALSE,TRUE,2,"shared",NA
"3951",TRUE,TRUE,FALSE,TRUE,3,"shared",NA
"1024",TRUE,TRUE,FALSE,TRUE,3,"shared",NA
"3141",TRUE,TRUE,TRUE,TRUE,4,"shared",NA
"7227",TRUE,TRUE,TRUE,TRUE,4,"shared",NA
"451",TRUE,TRUE,TRUE,TRUE,4,"shared",NA
"2129",TRUE,TRUE,FALSE,TRUE,3,"shared",NA
"1440",TRUE,FALSE,TRUE,TRUE,3,"shared",NA
"1443",TRUE,FALSE,TRUE,TRUE,3,"shared",NA
"632",TRUE,TRUE,FALSE,TRUE,3,"shared",NA
"984",TRUE,TRUE,TRUE,TRUE,4,"shared",NA
"3949",TRUE,FALSE,FALSE,TRUE,2,"shared",NA
"4599",TRUE,TRUE,TRUE,TRUE,4,"shared",NA
"7080",TRUE,FALSE,TRUE,TRUE,3,"shared",NA
"1657",TRUE,TRUE,TRUE,TRUE,4,"shared",NA
"1318",TRUE,TRUE,TRUE,TRUE,4,"shared",NA
"6053",TRUE,FALSE,FALSE,TRUE,2,"shared",NA
"2082",TRUE,FALSE,FALSE,TRUE,2,"shared",NA
"5443",TRUE,TRUE,FALSE,TRUE,3,"shared",NA
"690",TRUE,FALSE,FALSE,TRUE,2,"shared",NA
"4595",TRUE,FALSE,TRUE,TRUE,3,"shared",NA
"1316",TRUE,TRUE,TRUE,TRUE,4,"shared",NA
"4872",TRUE,FALSE,TRUE,TRUE,3,"shared",NA
"633",TRUE,TRUE,FALSE,TRUE,3,"shared",NA
"7225",TRUE,TRUE,TRUE,TRUE,4,"shared",NA
"691",TRUE,FALSE,FALSE,TRUE,2,"shared",NA
"448",TRUE,TRUE,TRUE,TRUE,4,"shared",NA
"412",TRUE,FALSE,FALSE,FALSE,1,"exclusive","M"
"7622",TRUE,TRUE,TRUE,TRUE,4,"shared",NA
"1002",TRUE,TRUE,TRUE,TRUE,4,"shared",NA
"4954",TRUE,TRUE,TRUE,TRUE,4,"shared",NA
"413",TRUE,FALSE,FALSE,FALSE,1,"exclusive","M"
"1651",TRUE,TRUE,FALSE,TRUE,3,"shared",NA
"636",TRUE,TRUE,FALSE,TRUE,3,"shared",NA
"452",TRUE,TRUE,TRUE,TRUE,4,"shared",NA
"1050",TRUE,FALSE,TRUE,TRUE,3,"shared",NA
"2080",TRUE,FALSE,FALSE,FALSE,1,"exclusive","M"
"5673",TRUE,FALSE,TRUE,TRUE,3,"shared",NA
"6912",TRUE,FALSE,FALSE,TRUE,2,"shared",NA
"985",TRUE,TRUE,TRUE,TRUE,4,"shared",NA
"5578",TRUE,FALSE,FALSE,TRUE,2,"shared",NA
"6055",TRUE,TRUE,FALSE,TRUE,3,"shared",NA
"3955",TRUE,FALSE,FALSE,TRUE,2,"shared",NA
"637",TRUE,TRUE,FALSE,TRUE,3,"shared",NA
"6054",TRUE,TRUE,FALSE,TRUE,3,"shared",NA
"5071",TRUE,TRUE,TRUE,TRUE,4,"shared",NA
"7395",TRUE,TRUE,TRUE,TRUE,4,"shared",NA
"7226",TRUE,TRUE,FALSE,TRUE,3,"shared",NA
"2474",TRUE,FALSE,TRUE,TRUE,3,"shared",NA
"446",TRUE,TRUE,TRUE,TRUE,4,"shared",NA
"2804",TRUE,TRUE,FALSE,TRUE,3,"shared",NA
"1769",TRUE,TRUE,FALSE,TRUE,3,"shared",NA
"5070",TRUE,TRUE,TRUE,TRUE,4,"shared",NA
"4486",TRUE,FALSE,TRUE,TRUE,3,"shared",NA
"3956",TRUE,FALSE,FALSE,TRUE,2,"shared",NA
"2130",TRUE,FALSE,FALSE,TRUE,2,"shared",NA
"7396",TRUE,TRUE,TRUE,TRUE,4,"shared",NA
"1442",TRUE,FALSE,TRUE,TRUE,3,"shared",NA
"3258",TRUE,TRUE,FALSE,TRUE,3,"shared",NA
"3598",TRUE,TRUE,FALSE,TRUE,3,"shared",NA
"7398",TRUE,TRUE,TRUE,TRUE,4,"shared",NA
"454",TRUE,TRUE,TRUE,TRUE,4,"shared",NA
"3411",TRUE,FALSE,TRUE,TRUE,3,"shared",NA
"1559",TRUE,TRUE,TRUE,TRUE,4,"shared",NA
"5577",TRUE,FALSE,FALSE,TRUE,2,"shared",NA
"5665",TRUE,FALSE,TRUE,TRUE,3,"shared",NA
"1387",TRUE,FALSE,FALSE,FALSE,1,"exclusive","M"
"5773",TRUE,TRUE,TRUE,TRUE,4,"shared",NA
"5662",TRUE,FALSE,TRUE,TRUE,3,"shared",NA
"7377",TRUE,FALSE,TRUE,TRUE,3,"shared",NA
"1444",TRUE,FALSE,TRUE,TRUE,3,"shared",NA
"2006",TRUE,FALSE,FALSE,TRUE,2,"shared",NA
"3939",TRUE,TRUE,FALSE,TRUE,3,"shared",NA
"3259",TRUE,TRUE,FALSE,TRUE,3,"shared",NA
"7707",TRUE,FALSE,FALSE,FALSE,1,"exclusive","M"
"1057",TRUE,FALSE,TRUE,TRUE,3,"shared",NA
"1006",TRUE,TRUE,TRUE,TRUE,4,"shared",NA
"1153",TRUE,FALSE,TRUE,TRUE,3,"shared",NA
"1560",TRUE,TRUE,TRUE,TRUE,4,"shared",NA
"3933",TRUE,TRUE,FALSE,TRUE,3,"shared",NA
"6256",TRUE,FALSE,FALSE,TRUE,2,"shared",NA
"3952",TRUE,TRUE,FALSE,TRUE,3,"shared",NA
"7706",TRUE,FALSE,FALSE,FALSE,1,"exclusive","M"
"3260",TRUE,TRUE,FALSE,TRUE,3,"shared",NA
"4160",TRUE,FALSE,TRUE,TRUE,3,"shared",NA
"1059",TRUE,FALSE,TRUE,TRUE,3,"shared",NA
"5438",TRUE,TRUE,TRUE,TRUE,4,"shared",NA
"6057",TRUE,TRUE,FALSE,TRUE,3,"shared",NA
"6429",TRUE,TRUE,FALSE,FALSE,2,"shared",NA
"6695",TRUE,TRUE,FALSE,TRUE,3,"shared",NA
"4598",TRUE,TRUE,TRUE,TRUE,4,"shared",NA
"3196",TRUE,FALSE,FALSE,FALSE,1,"exclusive","M"
"5575",TRUE,FALSE,FALSE,TRUE,2,"shared",NA
"5699",TRUE,FALSE,FALSE,TRUE,2,"shared",NA
"5677",TRUE,FALSE,TRUE,TRUE,3,"shared",NA
"7397",TRUE,TRUE,FALSE,TRUE,3,"shared",NA
"7078",TRUE,FALSE,TRUE,TRUE,3,"shared",NA
"1640",TRUE,FALSE,FALSE,TRUE,2,"shared",NA
"6694",TRUE,FALSE,FALSE,FALSE,1,"exclusive","M"
"1699",TRUE,FALSE,TRUE,TRUE,3,"shared",NA
"449",TRUE,FALSE,FALSE,TRUE,2,"shared",NA
"1023",TRUE,FALSE,FALSE,TRUE,2,"shared",NA
"4144",TRUE,FALSE,FALSE,TRUE,2,"shared",NA
"1070",TRUE,TRUE,FALSE,TRUE,3,"shared",NA
"2816",TRUE,FALSE,TRUE,TRUE,3,"shared",NA
"4148",TRUE,FALSE,TRUE,TRUE,3,"shared",NA
"1317",TRUE,TRUE,TRUE,TRUE,4,"shared",NA
"3946",TRUE,TRUE,FALSE,TRUE,3,"shared",NA
"4159",TRUE,FALSE,TRUE,TRUE,3,"shared",NA
"1602",TRUE,FALSE,TRUE,TRUE,3,"shared",NA
"1700",TRUE,FALSE,TRUE,TRUE,3,"shared",NA
"6489",TRUE,FALSE,FALSE,TRUE,2,"shared",NA
"7751",TRUE,FALSE,TRUE,TRUE,3,"shared",NA
"7249",TRUE,TRUE,TRUE,TRUE,4,"shared",NA
"1553",TRUE,FALSE,FALSE,TRUE,2,"shared",NA
"6362",TRUE,TRUE,FALSE,TRUE,3,"shared",NA
"4156",TRUE,FALSE,TRUE,TRUE,3,"shared",NA
"5570",TRUE,FALSE,FALSE,TRUE,2,"shared",NA
"470",TRUE,FALSE,FALSE,TRUE,2,"shared",NA
"2131",TRUE,FALSE,FALSE,TRUE,2,"shared",NA
"6056",TRUE,FALSE,FALSE,FALSE,1,"exclusive","M"
"4158",TRUE,FALSE,TRUE,TRUE,3,"shared",NA
"1992",TRUE,TRUE,TRUE,TRUE,4,"shared",NA
"3934",TRUE,FALSE,FALSE,TRUE,2,"shared",NA
"2003",TRUE,FALSE,FALSE,TRUE,2,"shared",NA
"4162",TRUE,FALSE,FALSE,FALSE,1,"exclusive","M"
"7708",TRUE,TRUE,FALSE,FALSE,2,"shared",NA
"2483",TRUE,FALSE,TRUE,TRUE,3,"shared",NA
"3356",TRUE,TRUE,FALSE,TRUE,3,"shared",NA
"3373",TRUE,FALSE,FALSE,FALSE,1,"exclusive","M"
"1386",TRUE,TRUE,FALSE,TRUE,3,"shared",NA
"1052",TRUE,FALSE,TRUE,TRUE,3,"shared",NA
"435",TRUE,TRUE,FALSE,TRUE,3,"shared",NA
"5566",TRUE,FALSE,FALSE,TRUE,2,"shared",NA
"7724",TRUE,TRUE,FALSE,FALSE,2,"shared",NA
"1703",TRUE,FALSE,TRUE,TRUE,3,"shared",NA
"3790",TRUE,TRUE,FALSE,TRUE,3,"shared",NA
"6366",TRUE,TRUE,FALSE,TRUE,3,"shared",NA
"5572",TRUE,FALSE,FALSE,TRUE,2,"shared",NA
"683",TRUE,FALSE,FALSE,TRUE,2,"shared",NA
"7247",TRUE,TRUE,TRUE,TRUE,4,"shared",NA
"3950",TRUE,TRUE,FALSE,TRUE,3,"shared",NA
"4155",TRUE,FALSE,TRUE,TRUE,3,"shared",NA
"7750",TRUE,FALSE,FALSE,TRUE,2,"shared",NA
"1607",TRUE,FALSE,TRUE,TRUE,3,"shared",NA
"7705",TRUE,TRUE,FALSE,FALSE,2,"shared",NA
"4164",TRUE,FALSE,TRUE,TRUE,3,"shared",NA
"1170",TRUE,TRUE,FALSE,TRUE,3,"shared",NA
"7075",TRUE,FALSE,TRUE,TRUE,3,"shared",NA
"5064",TRUE,TRUE,TRUE,TRUE,4,"shared",NA
"6364",TRUE,TRUE,FALSE,TRUE,3,"shared",NA
"1363",TRUE,FALSE,FALSE,TRUE,2,"shared",NA
"1698",TRUE,FALSE,TRUE,TRUE,3,"shared",NA
"7400",TRUE,TRUE,TRUE,TRUE,4,"shared",NA
"3945",TRUE,TRUE,FALSE,TRUE,3,"shared",NA
"1445",TRUE,FALSE,TRUE,TRUE,3,"shared",NA
"692",TRUE,TRUE,FALSE,TRUE,3,"shared",NA
"4161",TRUE,FALSE,FALSE,FALSE,1,"exclusive","M"
"986",TRUE,TRUE,TRUE,TRUE,4,"shared",NA
"6255",TRUE,FALSE,FALSE,FALSE,1,"exclusive","M"
"7399",TRUE,TRUE,FALSE,TRUE,3,"shared",NA
"4561",TRUE,FALSE,TRUE,TRUE,3,"shared",NA
"7647",TRUE,TRUE,TRUE,TRUE,4,"shared",NA
"1012",TRUE,TRUE,TRUE,TRUE,4,"shared",NA
"1163",TRUE,FALSE,TRUE,TRUE,3,"shared",NA
"276",TRUE,TRUE,TRUE,TRUE,4,"shared",NA
"7076",TRUE,FALSE,TRUE,TRUE,3,"shared",NA
"2115",TRUE,TRUE,FALSE,TRUE,3,"shared",NA
"1049",TRUE,FALSE,TRUE,TRUE,3,"shared",NA
"3409",TRUE,FALSE,TRUE,TRUE,3,"shared",NA
"1009",TRUE,TRUE,TRUE,TRUE,4,"shared",NA
"7726",TRUE,TRUE,FALSE,TRUE,3,"shared",NA
"1107",TRUE,TRUE,FALSE,TRUE,3,"shared",NA
"1710",TRUE,FALSE,TRUE,TRUE,3,"shared",NA
"5657",TRUE,FALSE,TRUE,TRUE,3,"shared",NA
"2482",TRUE,FALSE,TRUE,TRUE,3,"shared",NA
"5585",TRUE,FALSE,FALSE,TRUE,2,"shared",NA
"1000",TRUE,TRUE,TRUE,TRUE,4,"shared",NA
"1067",TRUE,TRUE,FALSE,TRUE,3,"shared",NA
"6052",TRUE,FALSE,FALSE,TRUE,2,"shared",NA
"7037",TRUE,TRUE,FALSE,TRUE,3,"shared",NA
"7248",TRUE,TRUE,TRUE,TRUE,4,"shared",NA
"1060",TRUE,FALSE,TRUE,TRUE,3,"shared",NA
"3140",TRUE,TRUE,FALSE,TRUE,3,"shared",NA
"1609",TRUE,FALSE,TRUE,TRUE,3,"shared",NA
"988",TRUE,TRUE,TRUE,TRUE,4,"shared",NA
"7727",TRUE,TRUE,FALSE,FALSE,2,"shared",NA
"2806",TRUE,FALSE,FALSE,FALSE,1,"exclusive","M"
"3192",TRUE,FALSE,TRUE,TRUE,3,"shared",NA
"5676",TRUE,FALSE,TRUE,TRUE,3,"shared",NA
"425",TRUE,FALSE,FALSE,TRUE,2,"shared",NA
"7728",TRUE,TRUE,FALSE,FALSE,2,"shared",NA
"4912",TRUE,FALSE,TRUE,TRUE,3,"shared",NA
"1605",TRUE,FALSE,TRUE,TRUE,3,"shared",NA
"426",TRUE,FALSE,FALSE,TRUE,2,"shared",NA
"5687",TRUE,TRUE,TRUE,TRUE,4,"shared",NA
"2473",TRUE,FALSE,TRUE,TRUE,3,"shared",NA
"2041",TRUE,FALSE,FALSE,TRUE,2,"shared",NA
"3142",TRUE,TRUE,FALSE,TRUE,3,"shared",NA
"5",TRUE,FALSE,FALSE,TRUE,2,"shared",NA
"3944",TRUE,FALSE,FALSE,TRUE,2,"shared",NA
"682",TRUE,FALSE,TRUE,TRUE,3,"shared",NA
"7496",TRUE,TRUE,FALSE,FALSE,2,"shared",NA
"6430",TRUE,TRUE,FALSE,FALSE,2,"shared",NA
"2761",TRUE,FALSE,TRUE,TRUE,3,"shared",NA
"3954",TRUE,TRUE,FALSE,TRUE,3,"shared",NA
"1697",TRUE,TRUE,TRUE,TRUE,4,"shared",NA
"5067",TRUE,FALSE,FALSE,TRUE,2,"shared",NA
"1162",TRUE,FALSE,TRUE,TRUE,3,"shared",NA
"5072",TRUE,FALSE,TRUE,TRUE,3,"shared",NA
"1001",TRUE,TRUE,TRUE,TRUE,4,"shared",NA
"2617",TRUE,FALSE,FALSE,FALSE,1,"exclusive","M"
"635",TRUE,TRUE,FALSE,TRUE,3,"shared",NA
"1608",TRUE,FALSE,TRUE,TRUE,3,"shared",NA
"1051",TRUE,TRUE,TRUE,TRUE,4,"shared",NA
"450",TRUE,FALSE,TRUE,TRUE,3,"shared",NA
"2802",TRUE,TRUE,FALSE,FALSE,2,"shared",NA
"7228",TRUE,TRUE,TRUE,TRUE,4,"shared",NA
"2807",TRUE,TRUE,FALSE,FALSE,2,"shared",NA
"1044",TRUE,FALSE,TRUE,TRUE,3,"shared",NA
"4179",TRUE,TRUE,FALSE,FALSE,2,"shared",NA
"698",TRUE,FALSE,FALSE,FALSE,1,"exclusive","M"
"424",TRUE,FALSE,FALSE,TRUE,2,"shared",NA
"2939",TRUE,FALSE,TRUE,TRUE,3,"shared",NA
"3947",TRUE,TRUE,FALSE,TRUE,3,"shared",NA
"5075",TRUE,TRUE,TRUE,TRUE,4,"shared",NA
"5069",TRUE,TRUE,TRUE,TRUE,4,"shared",NA
"6488",TRUE,FALSE,FALSE,TRUE,2,"shared",NA
"2594",TRUE,FALSE,TRUE,TRUE,3,"shared",NA
"5670",TRUE,FALSE,TRUE,TRUE,3,"shared",NA
"1364",TRUE,FALSE,FALSE,FALSE,1,"exclusive","M"
"7704",TRUE,FALSE,TRUE,TRUE,3,"shared",NA
"3515",TRUE,FALSE,FALSE,FALSE,1,"exclusive","M"
"1165",TRUE,FALSE,TRUE,TRUE,3,"shared",NA
"7725",TRUE,TRUE,FALSE,FALSE,2,"shared",NA
"5614",TRUE,TRUE,FALSE,FALSE,2,"shared",NA
"439",TRUE,FALSE,FALSE,TRUE,2,"shared",NA
"1385",TRUE,TRUE,FALSE,TRUE,3,"shared",NA
"1997",TRUE,FALSE,FALSE,TRUE,2,"shared",NA
"4157",TRUE,FALSE,TRUE,TRUE,3,"shared",NA
"5686",TRUE,FALSE,TRUE,TRUE,3,"shared",NA
"7079",TRUE,FALSE,TRUE,TRUE,3,"shared",NA
"6363",TRUE,TRUE,FALSE,TRUE,3,"shared",NA
"7238",TRUE,TRUE,TRUE,TRUE,4,"shared",NA
"5700",TRUE,FALSE,FALSE,TRUE,2,"shared",NA
"3935",TRUE,FALSE,FALSE,FALSE,1,"exclusive","M"
"112",TRUE,TRUE,FALSE,TRUE,3,"shared",NA
"7505",TRUE,TRUE,FALSE,TRUE,3,"shared",NA
"7504",TRUE,TRUE,FALSE,TRUE,3,"shared",NA
"4464",TRUE,FALSE,TRUE,TRUE,3,"shared",NA
"3194",TRUE,FALSE,TRUE,TRUE,3,"shared",NA
"956",TRUE,FALSE,TRUE,TRUE,3,"shared",NA
"5702",TRUE,FALSE,FALSE,TRUE,2,"shared",NA
"6487",TRUE,FALSE,FALSE,TRUE,2,"shared",NA
"1074",TRUE,FALSE,FALSE,TRUE,2,"shared",NA
"5698",TRUE,FALSE,FALSE,TRUE,2,"shared",NA
"8288",TRUE,TRUE,FALSE,TRUE,3,"shared",NA
"1043",TRUE,FALSE,TRUE,TRUE,3,"shared",NA
"2917",TRUE,FALSE,TRUE,TRUE,3,"shared",NA
"2472",TRUE,FALSE,TRUE,TRUE,3,"shared",NA
"4134",TRUE,TRUE,TRUE,TRUE,4,"shared",NA
"7473",TRUE,TRUE,FALSE,FALSE,2,"shared",NA
"453",TRUE,FALSE,TRUE,TRUE,3,"shared",NA
"2256",TRUE,FALSE,TRUE,TRUE,3,"shared",NA
"5668",TRUE,FALSE,TRUE,TRUE,3,"shared",NA
"7213",TRUE,FALSE,FALSE,FALSE,1,"exclusive","M"
"890",TRUE,FALSE,TRUE,TRUE,3,"shared",NA
"1275",TRUE,FALSE,FALSE,TRUE,2,"shared",NA
"5155",TRUE,FALSE,TRUE,TRUE,3,"shared",NA
"5569",TRUE,FALSE,FALSE,TRUE,2,"shared",NA
"2881",TRUE,FALSE,FALSE,FALSE,1,"exclusive","M"
"4356",TRUE,TRUE,FALSE,TRUE,3,"shared",NA
"6693",TRUE,FALSE,FALSE,FALSE,1,"exclusive","M"
"7494",TRUE,TRUE,FALSE,FALSE,2,"shared",NA
"6961",TRUE,TRUE,FALSE,TRUE,3,"shared",NA
"3556",TRUE,TRUE,FALSE,FALSE,2,"shared",NA
"1692",TRUE,TRUE,TRUE,TRUE,4,"shared",NA
"3446",TRUE,FALSE,TRUE,TRUE,3,"shared",NA
"7502",TRUE,TRUE,FALSE,TRUE,3,"shared",NA
"1558",TRUE,TRUE,TRUE,TRUE,4,"shared",NA
"2075",TRUE,FALSE,FALSE,FALSE,1,"exclusive","M"
"8289",TRUE,FALSE,FALSE,TRUE,2,"shared",NA
"1158",TRUE,TRUE,FALSE,TRUE,3,"shared",NA
"1604",TRUE,FALSE,TRUE,TRUE,3,"shared",NA
"2027",TRUE,FALSE,FALSE,FALSE,1,"exclusive","M"
"949",TRUE,FALSE,FALSE,FALSE,1,"exclusive","M"
"259",TRUE,TRUE,FALSE,TRUE,3,"shared",NA
"7241",TRUE,TRUE,TRUE,TRUE,4,"shared",NA
"3254",TRUE,FALSE,TRUE,TRUE,3,"shared",NA
"1349",TRUE,FALSE,TRUE,TRUE,3,"shared",NA
"1603",TRUE,FALSE,TRUE,TRUE,3,"shared",NA
"3940",TRUE,TRUE,FALSE,FALSE,2,"shared",NA
"2943",TRUE,FALSE,FALSE,TRUE,2,"shared",NA
"955",TRUE,FALSE,FALSE,TRUE,2,"shared",NA
"423",TRUE,FALSE,FALSE,TRUE,2,"shared",NA
"1005",TRUE,FALSE,TRUE,TRUE,3,"shared",NA
"3557",TRUE,TRUE,TRUE,TRUE,4,"shared",NA
"1062",TRUE,FALSE,FALSE,TRUE,2,"shared",NA
"176",TRUE,FALSE,FALSE,FALSE,1,"exclusive","M"
"1694",TRUE,TRUE,TRUE,TRUE,4,"shared",NA
"2833",TRUE,FALSE,TRUE,TRUE,3,"shared",NA
"6365",TRUE,TRUE,FALSE,FALSE,2,"shared",NA
"4172",TRUE,TRUE,FALSE,FALSE,2,"shared",NA
"3793",TRUE,FALSE,TRUE,TRUE,3,"shared",NA
"455",TRUE,FALSE,TRUE,TRUE,3,"shared",NA
"4104",TRUE,FALSE,TRUE,TRUE,3,"shared",NA
"1630",TRUE,FALSE,TRUE,TRUE,3,"shared",NA
"2471",TRUE,FALSE,TRUE,TRUE,3,"shared",NA
"7495",TRUE,TRUE,FALSE,FALSE,2,"shared",NA
"5117",TRUE,TRUE,FALSE,FALSE,2,"shared",NA
"2910",TRUE,TRUE,TRUE,TRUE,4,"shared",NA
"6962",TRUE,TRUE,FALSE,TRUE,3,"shared",NA
"1037",TRUE,FALSE,TRUE,TRUE,3,"shared",NA
"4149",TRUE,FALSE,TRUE,TRUE,3,"shared",NA
"1359",TRUE,FALSE,FALSE,FALSE,1,"exclusive","M"
"7501",TRUE,TRUE,FALSE,TRUE,3,"shared",NA
"1048",TRUE,TRUE,TRUE,TRUE,4,"shared",NA
"1063",TRUE,FALSE,TRUE,TRUE,3,"shared",NA
"1709",TRUE,FALSE,TRUE,TRUE,3,"shared",NA
"3049",TRUE,FALSE,TRUE,TRUE,3,"shared",NA
"1014",TRUE,TRUE,TRUE,TRUE,4,"shared",NA
"5674",TRUE,FALSE,TRUE,TRUE,3,"shared",NA
"5762",TRUE,FALSE,TRUE,TRUE,3,"shared",NA
"1003",TRUE,TRUE,TRUE,TRUE,4,"shared",NA
"5571",TRUE,FALSE,FALSE,TRUE,2,"shared",NA
"1705",TRUE,FALSE,TRUE,TRUE,3,"shared",NA
"6829",TRUE,FALSE,FALSE,TRUE,2,"shared",NA
"7240",TRUE,TRUE,TRUE,TRUE,4,"shared",NA
"1606",TRUE,FALSE,TRUE,TRUE,3,"shared",NA
"3942",TRUE,FALSE,FALSE,TRUE,2,"shared",NA
"3983",TRUE,TRUE,FALSE,TRUE,3,"shared",NA
"1480",TRUE,FALSE,FALSE,TRUE,2,"shared",NA
"7319",TRUE,FALSE,TRUE,TRUE,3,"shared",NA
"1561",TRUE,TRUE,TRUE,TRUE,4,"shared",NA
"5296",TRUE,FALSE,TRUE,TRUE,3,"shared",NA
"7073",TRUE,FALSE,FALSE,FALSE,1,"exclusive","M"
"3792",TRUE,TRUE,FALSE,TRUE,3,"shared",NA
"7668",TRUE,FALSE,TRUE,TRUE,3,"shared",NA
"6298",TRUE,FALSE,FALSE,TRUE,2,"shared",NA
"3937",TRUE,FALSE,FALSE,FALSE,1,"exclusive","M"
"5116",TRUE,TRUE,FALSE,FALSE,2,"shared",NA
"697",TRUE,TRUE,FALSE,TRUE,3,"shared",NA
"7383",TRUE,FALSE,TRUE,TRUE,3,"shared",NA
"1",TRUE,FALSE,TRUE,TRUE,3,"shared",NA
"7648",TRUE,FALSE,FALSE,TRUE,2,"shared",NA
"4176",TRUE,FALSE,FALSE,FALSE,1,"exclusive","M"
"38",TRUE,FALSE,TRUE,TRUE,3,"shared",NA
"5719",TRUE,TRUE,FALSE,TRUE,3,"shared",NA
"7493",TRUE,TRUE,FALSE,FALSE,2,"shared",NA
"987",TRUE,FALSE,TRUE,TRUE,3,"shared",NA
"2194",TRUE,TRUE,TRUE,TRUE,4,"shared",NA
"1065",TRUE,TRUE,FALSE,TRUE,3,"shared",NA
"2078",TRUE,FALSE,FALSE,FALSE,1,"exclusive","M"
"7239",TRUE,FALSE,TRUE,TRUE,3,"shared",NA
"4180",TRUE,TRUE,FALSE,FALSE,2,"shared",NA
"1285",TRUE,FALSE,FALSE,FALSE,1,"exclusive","M"
"6423",TRUE,TRUE,FALSE,TRUE,3,"shared",NA
"3047",TRUE,FALSE,TRUE,TRUE,3,"shared",NA
"983",TRUE,TRUE,TRUE,TRUE,4,"shared",NA
"950",TRUE,FALSE,FALSE,FALSE,1,"exclusive","M"
"1160",TRUE,TRUE,FALSE,TRUE,3,"shared",NA
"4147",TRUE,FALSE,FALSE,FALSE,1,"exclusive","M"
"1079",TRUE,TRUE,FALSE,TRUE,3,"shared",NA
"1164",TRUE,FALSE,TRUE,TRUE,3,"shared",NA
"1706",TRUE,FALSE,TRUE,TRUE,3,"shared",NA
"1032",TRUE,FALSE,FALSE,FALSE,1,"exclusive","M"
"5694",TRUE,FALSE,TRUE,TRUE,3,"shared",NA
"3143",TRUE,FALSE,TRUE,TRUE,3,"shared",NA
"1350",TRUE,TRUE,TRUE,TRUE,4,"shared",NA
"6548",TRUE,TRUE,FALSE,FALSE,2,"shared",NA
"6425",TRUE,FALSE,TRUE,TRUE,3,"shared",NA
"4171",TRUE,TRUE,TRUE,TRUE,4,"shared",NA
"1704",TRUE,FALSE,FALSE,TRUE,2,"shared",NA
"6550",TRUE,TRUE,FALSE,FALSE,2,"shared",NA
"3408",TRUE,FALSE,TRUE,TRUE,3,"shared",NA
"7649",TRUE,TRUE,TRUE,TRUE,4,"shared",NA
"437",TRUE,FALSE,TRUE,TRUE,3,"shared",NA
"5111",TRUE,FALSE,FALSE,FALSE,1,"exclusive","M"
"2255",TRUE,FALSE,TRUE,TRUE,3,"shared",NA
"7077",TRUE,FALSE,TRUE,TRUE,3,"shared",NA
"1707",TRUE,FALSE,TRUE,TRUE,3,"shared",NA
"295",TRUE,FALSE,TRUE,TRUE,3,"shared",NA
"3943",TRUE,TRUE,FALSE,FALSE,2,"shared",NA
"3559",TRUE,FALSE,TRUE,TRUE,3,"shared",NA
"7651",TRUE,TRUE,TRUE,TRUE,4,"shared",NA
"3558",TRUE,FALSE,TRUE,TRUE,3,"shared",NA
"7503",TRUE,TRUE,FALSE,FALSE,2,"shared",NA
"2005",TRUE,FALSE,FALSE,FALSE,1,"exclusive","M"
"4355",TRUE,FALSE,FALSE,FALSE,1,"exclusive","M"
"1376",TRUE,FALSE,FALSE,FALSE,1,"exclusive","M"
"7243",TRUE,TRUE,TRUE,TRUE,4,"shared",NA
"826",TRUE,FALSE,TRUE,TRUE,3,"shared",NA
"5286",TRUE,FALSE,FALSE,TRUE,2,"shared",NA
"1159",TRUE,TRUE,FALSE,TRUE,3,"shared",NA
"1708",TRUE,FALSE,TRUE,TRUE,3,"shared",NA
"469",TRUE,FALSE,FALSE,TRUE,2,"shared",NA
"696",TRUE,FALSE,FALSE,FALSE,1,"exclusive","M"
"5580",TRUE,FALSE,FALSE,TRUE,2,"shared",NA
"4232",TRUE,FALSE,FALSE,TRUE,2,"shared",NA
"5094",TRUE,FALSE,FALSE,TRUE,2,"shared",NA
"954",TRUE,FALSE,FALSE,FALSE,1,"exclusive","M"
"1631",TRUE,TRUE,FALSE,FALSE,2,"shared",NA
"2914",TRUE,FALSE,FALSE,TRUE,2,"shared",NA
"7665",TRUE,TRUE,FALSE,TRUE,3,"shared",NA
"1632",TRUE,TRUE,TRUE,TRUE,4,"shared",NA
"891",TRUE,FALSE,TRUE,TRUE,3,"shared",NA
"4248",TRUE,FALSE,FALSE,FALSE,1,"exclusive","M"
"2808",TRUE,FALSE,FALSE,TRUE,2,"shared",NA
"3052",TRUE,TRUE,FALSE,TRUE,3,"shared",NA
"5763",TRUE,FALSE,TRUE,TRUE,3,"shared",NA
"5221",TRUE,FALSE,TRUE,TRUE,3,"shared",NA
"7512",TRUE,TRUE,FALSE,TRUE,3,"shared",NA
"5653",TRUE,TRUE,FALSE,TRUE,3,"shared",NA
"5655",TRUE,TRUE,FALSE,TRUE,3,"shared",NA
"5660",TRUE,FALSE,TRUE,TRUE,3,"shared",NA
"638",TRUE,TRUE,FALSE,TRUE,3,"shared",NA
"6553",TRUE,TRUE,FALSE,FALSE,2,"shared",NA
"5068",TRUE,FALSE,TRUE,TRUE,3,"shared",NA
"6361",TRUE,TRUE,FALSE,TRUE,3,"shared",NA
"657",TRUE,FALSE,FALSE,FALSE,1,"exclusive","M"
"5444",TRUE,FALSE,TRUE,TRUE,3,"shared",NA
"4983",TRUE,FALSE,FALSE,FALSE,1,"exclusive","M"
"4238",TRUE,TRUE,FALSE,TRUE,3,"shared",NA
"1045",TRUE,FALSE,FALSE,FALSE,1,"exclusive","M"
"2736",TRUE,FALSE,TRUE,TRUE,3,"shared",NA
"177",TRUE,FALSE,TRUE,TRUE,3,"shared",NA
"438",TRUE,FALSE,FALSE,TRUE,2,"shared",NA
"5615",TRUE,FALSE,FALSE,FALSE,1,"exclusive","M"
"4963",TRUE,TRUE,FALSE,TRUE,3,"shared",NA
"3053",TRUE,TRUE,FALSE,TRUE,3,"shared",NA
"1701",TRUE,FALSE,TRUE,TRUE,3,"shared",NA
"2805",TRUE,TRUE,FALSE,FALSE,2,"shared",NA
"695",TRUE,TRUE,FALSE,TRUE,3,"shared",NA
"7510",TRUE,TRUE,FALSE,FALSE,2,"shared",NA
"8118",TRUE,FALSE,TRUE,TRUE,3,"shared",NA
"3469",TRUE,FALSE,TRUE,TRUE,3,"shared",NA
"1479",TRUE,FALSE,FALSE,TRUE,2,"shared",NA
"4390",TRUE,FALSE,TRUE,TRUE,3,"shared",NA
"44",TRUE,FALSE,TRUE,TRUE,3,"shared",NA
"1562",TRUE,TRUE,TRUE,TRUE,4,"shared",NA
"2074",TRUE,FALSE,FALSE,FALSE,1,"exclusive","M"
"7749",TRUE,FALSE,FALSE,FALSE,1,"exclusive","M"
"5109",TRUE,TRUE,FALSE,FALSE,2,"shared",NA
"5435",TRUE,FALSE,FALSE,FALSE,1,"exclusive","M"
"4163",TRUE,FALSE,TRUE,TRUE,3,"shared",NA
"1171",TRUE,TRUE,TRUE,TRUE,4,"shared",NA
"2803",TRUE,FALSE,FALSE,FALSE,1,"exclusive","M"
"2030",TRUE,FALSE,FALSE,FALSE,1,"exclusive","M"
"1076",TRUE,FALSE,FALSE,TRUE,2,"shared",NA
"3941",TRUE,TRUE,FALSE,FALSE,2,"shared",NA
"2484",TRUE,FALSE,TRUE,TRUE,3,"shared",NA
"1073",TRUE,FALSE,FALSE,TRUE,2,"shared",NA
"6424",TRUE,TRUE,FALSE,FALSE,2,"shared",NA
"3683",TRUE,FALSE,FALSE,FALSE,1,"exclusive","M"
"6274",TRUE,FALSE,TRUE,TRUE,3,"shared",NA
"4466",TRUE,FALSE,TRUE,TRUE,3,"shared",NA
"5678",TRUE,FALSE,TRUE,TRUE,3,"shared",NA
"5692",TRUE,FALSE,TRUE,TRUE,3,"shared",NA
"6942",TRUE,FALSE,FALSE,TRUE,2,"shared",NA
"7316",TRUE,FALSE,TRUE,TRUE,3,"shared",NA
"7193",TRUE,TRUE,FALSE,FALSE,2,"shared",NA
"1008",TRUE,TRUE,TRUE,TRUE,4,"shared",NA
"6940",TRUE,FALSE,FALSE,TRUE,2,"shared",NA
"7666",TRUE,TRUE,FALSE,FALSE,2,"shared",NA
"6998",TRUE,FALSE,TRUE,TRUE,3,"shared",NA
"2593",TRUE,FALSE,FALSE,FALSE,1,"exclusive","M"
"5567",TRUE,FALSE,FALSE,TRUE,2,"shared",NA
"4181",TRUE,FALSE,FALSE,FALSE,1,"exclusive","M"
"7748",TRUE,FALSE,FALSE,FALSE,1,"exclusive","M"
"7412",TRUE,FALSE,FALSE,FALSE,1,"exclusive","M"
"4836",TRUE,FALSE,FALSE,FALSE,1,"exclusive","M"
"6542",TRUE,TRUE,FALSE,FALSE,2,"shared",NA
"7845",TRUE,FALSE,FALSE,TRUE,2,"shared",NA
"1998",TRUE,FALSE,FALSE,FALSE,1,"exclusive","M"
"781",TRUE,TRUE,FALSE,FALSE,2,"shared",NA
"3948",TRUE,TRUE,FALSE,FALSE,2,"shared",NA
"7670",TRUE,FALSE,TRUE,TRUE,3,"shared",NA
"7384",TRUE,FALSE,TRUE,TRUE,3,"shared",NA
"2739",TRUE,FALSE,TRUE,TRUE,3,"shared",NA
"6828",TRUE,FALSE,FALSE,FALSE,1,"exclusive","M"
"7671",TRUE,FALSE,TRUE,TRUE,3,"shared",NA
"2026",TRUE,FALSE,FALSE,FALSE,1,"exclusive","M"
"2007",TRUE,FALSE,FALSE,FALSE,1,"exclusive","M"
"2832",TRUE,FALSE,TRUE,TRUE,3,"shared",NA
"4465",TRUE,TRUE,TRUE,TRUE,4,"shared",NA
"5675",TRUE,FALSE,TRUE,TRUE,3,"shared",NA
"951",TRUE,FALSE,FALSE,FALSE,1,"exclusive","M"
"6559",TRUE,TRUE,FALSE,TRUE,3,"shared",NA
"7747",TRUE,TRUE,FALSE,FALSE,2,"shared",NA
"5576",TRUE,FALSE,FALSE,TRUE,2,"shared",NA
"4982",TRUE,FALSE,FALSE,FALSE,1,"exclusive","M"
"2009",TRUE,FALSE,FALSE,FALSE,1,"exclusive","M"
"7843",TRUE,FALSE,FALSE,FALSE,1,"exclusive","M"
"468",TRUE,FALSE,FALSE,FALSE,1,"exclusive","M"
"3514",TRUE,FALSE,FALSE,FALSE,1,"exclusive","M"
"4173",TRUE,FALSE,FALSE,FALSE,1,"exclusive","M"
"7470",TRUE,TRUE,FALSE,TRUE,3,"shared",NA
"440",TRUE,FALSE,FALSE,FALSE,1,"exclusive","M"
"1055",TRUE,FALSE,TRUE,TRUE,3,"shared",NA
"7382",TRUE,FALSE,FALSE,TRUE,2,"shared",NA
"8320",TRUE,FALSE,FALSE,FALSE,1,"exclusive","M"
"3468",TRUE,FALSE,TRUE,TRUE,3,"shared",NA
"8116",TRUE,FALSE,TRUE,TRUE,3,"shared",NA
"825",TRUE,FALSE,TRUE,TRUE,3,"shared",NA
"6544",TRUE,TRUE,FALSE,FALSE,2,"shared",NA
"2930",TRUE,FALSE,TRUE,TRUE,3,"shared",NA
"6911",TRUE,TRUE,FALSE,FALSE,2,"shared",NA
"6562",TRUE,TRUE,FALSE,FALSE,2,"shared",NA
"8096",TRUE,FALSE,FALSE,FALSE,1,"exclusive","M"
"2928",TRUE,FALSE,TRUE,TRUE,3,"shared",NA
"4497",TRUE,TRUE,TRUE,TRUE,4,"shared",NA
"1702",TRUE,FALSE,TRUE,TRUE,3,"shared",NA
"2760",TRUE,FALSE,TRUE,TRUE,3,"shared",NA
"7318",TRUE,FALSE,FALSE,FALSE,1,"exclusive","M"
"7242",TRUE,TRUE,TRUE,TRUE,4,"shared",NA
"7317",TRUE,FALSE,FALSE,FALSE,1,"exclusive","M"
"50",TRUE,FALSE,TRUE,TRUE,3,"shared",NA
"5691",TRUE,FALSE,FALSE,FALSE,1,"exclusive","M"
"7721",TRUE,FALSE,TRUE,TRUE,3,"shared",NA
"7669",TRUE,FALSE,TRUE,TRUE,3,"shared",NA
"7471",TRUE,FALSE,FALSE,FALSE,1,"exclusive","M"
"3451",TRUE,FALSE,TRUE,TRUE,3,"shared",NA
"3456",TRUE,FALSE,TRUE,TRUE,3,"shared",NA
"5122",TRUE,FALSE,FALSE,FALSE,1,"exclusive","M"
"2795",TRUE,FALSE,TRUE,TRUE,3,"shared",NA
"1184",TRUE,FALSE,FALSE,FALSE,1,"exclusive","M"
"3466",TRUE,FALSE,TRUE,TRUE,3,"shared",NA
"49",TRUE,FALSE,TRUE,TRUE,3,"shared",NA
"7722",TRUE,FALSE,TRUE,TRUE,3,"shared",NA
"473",TRUE,FALSE,TRUE,TRUE,3,"shared",NA
"4553",TRUE,FALSE,TRUE,TRUE,3,"shared",NA
"7846",TRUE,FALSE,TRUE,TRUE,3,"shared",NA
"5073",TRUE,FALSE,TRUE,TRUE,3,"shared",NA
"6659",TRUE,TRUE,TRUE,TRUE,4,"shared",NA
"3325",TRUE,TRUE,TRUE,TRUE,4,"shared",NA
"1361",TRUE,FALSE,FALSE,FALSE,1,"exclusive","M"
"6893",TRUE,FALSE,TRUE,TRUE,3,"shared",NA
"5290",TRUE,FALSE,FALSE,TRUE,2,"shared",NA
"2020",TRUE,FALSE,FALSE,FALSE,1,"exclusive","M"
"4426",TRUE,TRUE,FALSE,FALSE,2,"shared",NA
"1352",TRUE,FALSE,FALSE,FALSE,1,"exclusive","M"
"2915",TRUE,FALSE,TRUE,TRUE,3,"shared",NA
"5671",TRUE,FALSE,TRUE,TRUE,3,"shared",NA
"4981",TRUE,FALSE,FALSE,FALSE,1,"exclusive","M"
"4949",TRUE,TRUE,FALSE,TRUE,3,"shared",NA
"6272",TRUE,FALSE,TRUE,TRUE,3,"shared",NA
"5287",TRUE,FALSE,FALSE,TRUE,2,"shared",NA
"7761",TRUE,TRUE,FALSE,FALSE,2,"shared",NA
"2004",TRUE,FALSE,FALSE,FALSE,1,"exclusive","M"
"3246",TRUE,FALSE,TRUE,TRUE,3,"shared",NA
"5281",TRUE,FALSE,FALSE,TRUE,2,"shared",NA
"6435",TRUE,TRUE,FALSE,FALSE,2,"shared",NA
"3148",TRUE,TRUE,FALSE,FALSE,2,"shared",NA
"6557",TRUE,TRUE,FALSE,FALSE,2,"shared",NA
"4430",TRUE,TRUE,FALSE,FALSE,2,"shared",NA
"3108",TRUE,FALSE,FALSE,FALSE,1,"exclusive","M"
"7650",TRUE,FALSE,TRUE,TRUE,3,"shared",NA
"8110",TRUE,FALSE,FALSE,FALSE,1,"exclusive","M"
"953",TRUE,FALSE,FALSE,TRUE,2,"shared",NA
"1038",TRUE,FALSE,TRUE,TRUE,3,"shared",NA
"2801",TRUE,FALSE,FALSE,FALSE,1,"exclusive","M"
"6539",TRUE,TRUE,FALSE,FALSE,2,"shared",NA
"2700",TRUE,FALSE,FALSE,FALSE,1,"exclusive","M"
"4834",TRUE,FALSE,FALSE,FALSE,1,"exclusive","M"
"2013",TRUE,FALSE,FALSE,TRUE,2,"shared",NA
"5568",TRUE,FALSE,FALSE,FALSE,1,"exclusive","M"
"8098",TRUE,FALSE,FALSE,FALSE,1,"exclusive","M"
"3560",TRUE,FALSE,TRUE,TRUE,3,"shared",NA
"384",TRUE,TRUE,FALSE,TRUE,3,"shared",NA
"411",TRUE,TRUE,FALSE,TRUE,3,"shared",NA
"406",TRUE,TRUE,FALSE,FALSE,2,"shared",NA
"8117",TRUE,FALSE,TRUE,TRUE,3,"shared",NA
"3957",TRUE,FALSE,TRUE,TRUE,3,"shared",NA
"5573",TRUE,FALSE,FALSE,TRUE,2,"shared",NA
"4980",TRUE,TRUE,FALSE,FALSE,2,"shared",NA
"2018",TRUE,FALSE,FALSE,FALSE,1,"exclusive","M"
"2023",TRUE,FALSE,FALSE,FALSE,1,"exclusive","M"
"477",TRUE,FALSE,TRUE,TRUE,3,"shared",NA
"7644",TRUE,FALSE,FALSE,FALSE,1,"exclusive","M"
"2814",TRUE,FALSE,TRUE,TRUE,3,"shared",NA
"292",TRUE,FALSE,TRUE,TRUE,3,"shared",NA
"4042",TRUE,FALSE,TRUE,TRUE,3,"shared",NA
"2589",TRUE,FALSE,FALSE,FALSE,1,"exclusive","M"
"1367",TRUE,FALSE,FALSE,FALSE,1,"exclusive","M"
"4427",TRUE,TRUE,FALSE,FALSE,2,"shared",NA
"6802",TRUE,FALSE,TRUE,TRUE,3,"shared",NA
"699",TRUE,TRUE,FALSE,TRUE,3,"shared",NA
"3473",TRUE,FALSE,TRUE,TRUE,3,"shared",NA
"7760",TRUE,TRUE,FALSE,FALSE,2,"shared",NA
"2031",TRUE,FALSE,FALSE,FALSE,1,"exclusive","M"
"6803",TRUE,FALSE,TRUE,TRUE,3,"shared",NA
"6532",TRUE,TRUE,FALSE,FALSE,2,"shared",NA
"2831",TRUE,FALSE,TRUE,TRUE,3,"shared",NA
"1030",TRUE,FALSE,FALSE,FALSE,1,"exclusive","M"
"1013",TRUE,TRUE,FALSE,FALSE,2,"shared",NA
"3457",TRUE,FALSE,TRUE,TRUE,3,"shared",NA
"7652",TRUE,FALSE,TRUE,TRUE,3,"shared",NA
"5689",TRUE,FALSE,TRUE,TRUE,3,"shared",NA
"298",TRUE,FALSE,TRUE,TRUE,3,"shared",NA
"405",TRUE,TRUE,FALSE,TRUE,3,"shared",NA
"7194",TRUE,FALSE,FALSE,FALSE,1,"exclusive","M"
"1082",TRUE,TRUE,FALSE,TRUE,3,"shared",NA
"7038",TRUE,FALSE,TRUE,TRUE,3,"shared",NA
"2935",TRUE,FALSE,TRUE,TRUE,3,"shared",NA
"3791",TRUE,TRUE,TRUE,TRUE,4,"shared",NA
"2001",TRUE,FALSE,FALSE,FALSE,1,"exclusive","M"
"5928",TRUE,FALSE,FALSE,FALSE,1,"exclusive","M"
"3467",TRUE,FALSE,TRUE,TRUE,3,"shared",NA
"5061",TRUE,FALSE,FALSE,TRUE,2,"shared",NA
"8095",TRUE,FALSE,FALSE,TRUE,2,"shared",NA
"293",TRUE,FALSE,TRUE,TRUE,3,"shared",NA
"1068",TRUE,FALSE,TRUE,TRUE,3,"shared",NA
"7417",TRUE,FALSE,FALSE,FALSE,1,"exclusive","M"
"4048",TRUE,FALSE,TRUE,TRUE,3,"shared",NA
"3448",TRUE,FALSE,TRUE,TRUE,3,"shared",NA
"5123",TRUE,FALSE,FALSE,FALSE,1,"exclusive","M"
"1476",TRUE,FALSE,TRUE,TRUE,3,"shared",NA
"5720",TRUE,TRUE,FALSE,TRUE,3,"shared",NA
"4536",TRUE,FALSE,TRUE,TRUE,3,"shared",NA
"3329",TRUE,FALSE,FALSE,FALSE,1,"exclusive","M"
"2834",TRUE,FALSE,TRUE,TRUE,3,"shared",NA
"5978",TRUE,FALSE,FALSE,FALSE,1,"exclusive","M"
"296",TRUE,FALSE,TRUE,TRUE,3,"shared",NA
"5108",TRUE,FALSE,FALSE,FALSE,1,"exclusive","M"
"3850",TRUE,FALSE,TRUE,TRUE,3,"shared",NA
"3458",TRUE,FALSE,TRUE,TRUE,3,"shared",NA
"2773",TRUE,FALSE,FALSE,FALSE,1,"exclusive","M"
"480",TRUE,FALSE,TRUE,TRUE,3,"shared",NA
"8078",TRUE,FALSE,TRUE,TRUE,3,"shared",NA
"4540",TRUE,FALSE,TRUE,TRUE,3,"shared",NA
"2514",TRUE,FALSE,TRUE,TRUE,3,"shared",NA
"6546",TRUE,TRUE,FALSE,FALSE,2,"shared",NA
"4500",TRUE,TRUE,TRUE,TRUE,4,"shared",NA
"7723",TRUE,FALSE,TRUE,TRUE,3,"shared",NA
"4018",TRUE,FALSE,FALSE,FALSE,1,"exclusive","M"
"1010",TRUE,FALSE,TRUE,TRUE,3,"shared",NA
"297",TRUE,FALSE,TRUE,TRUE,3,"shared",NA
"1474",TRUE,FALSE,TRUE,TRUE,3,"shared",NA
"1372",TRUE,FALSE,FALSE,FALSE,1,"exclusive","M"
"294",TRUE,FALSE,TRUE,TRUE,3,"shared",NA
"7511",TRUE,TRUE,FALSE,FALSE,2,"shared",NA
"1053",TRUE,FALSE,FALSE,TRUE,2,"shared",NA
"341",TRUE,FALSE,FALSE,FALSE,1,"exclusive","M"
"6171",TRUE,FALSE,FALSE,FALSE,1,"exclusive","M"
"5685",TRUE,FALSE,FALSE,TRUE,2,"shared",NA
"7380",TRUE,FALSE,TRUE,TRUE,3,"shared",NA
"7646",TRUE,FALSE,FALSE,FALSE,1,"exclusive","M"
"2796",TRUE,TRUE,FALSE,FALSE,2,"shared",NA
"402",TRUE,TRUE,FALSE,TRUE,3,"shared",NA
"5654",TRUE,TRUE,FALSE,TRUE,3,"shared",NA
"5659",TRUE,FALSE,TRUE,TRUE,3,"shared",NA
"2882",TRUE,FALSE,FALSE,FALSE,1,"exclusive","M"
"6931",TRUE,FALSE,FALSE,FALSE,1,"exclusive","M"
"476",TRUE,FALSE,TRUE,TRUE,3,"shared",NA
"2590",TRUE,FALSE,FALSE,FALSE,1,"exclusive","M"
"7847",TRUE,FALSE,FALSE,TRUE,2,"shared",NA
"3418",TRUE,FALSE,TRUE,TRUE,3,"shared",NA
"3248",TRUE,FALSE,TRUE,TRUE,3,"shared",NA
"7469",TRUE,TRUE,FALSE,TRUE,3,"shared",NA
"3472",TRUE,FALSE,TRUE,TRUE,3,"shared",NA
"126",TRUE,FALSE,TRUE,TRUE,3,"shared",NA
"4166",TRUE,FALSE,FALSE,FALSE,1,"exclusive","M"
"4367",FALSE,TRUE,FALSE,TRUE,2,"shared",NA
"4360",FALSE,TRUE,FALSE,TRUE,2,"shared",NA
"2673",FALSE,TRUE,FALSE,TRUE,2,"shared",NA
"4964",FALSE,TRUE,FALSE,TRUE,2,"shared",NA
"180",FALSE,TRUE,FALSE,TRUE,2,"shared",NA
"4369",FALSE,TRUE,FALSE,TRUE,2,"shared",NA
"4368",FALSE,TRUE,FALSE,TRUE,2,"shared",NA
"152",FALSE,TRUE,FALSE,TRUE,2,"shared",NA
"4366",FALSE,TRUE,FALSE,FALSE,1,"exclusive","L"
"1086",FALSE,TRUE,FALSE,TRUE,2,"shared",NA
"4361",FALSE,TRUE,FALSE,FALSE,1,"exclusive","L"
"3308",FALSE,TRUE,FALSE,FALSE,1,"exclusive","L"
"4359",FALSE,TRUE,FALSE,FALSE,1,"exclusive","L"
"2168",FALSE,TRUE,FALSE,FALSE,1,"exclusive","L"
"2171",FALSE,TRUE,FALSE,FALSE,1,"exclusive","L"
"4362",FALSE,TRUE,FALSE,FALSE,1,"exclusive","L"
"4363",FALSE,TRUE,FALSE,FALSE,1,"exclusive","L"
"1152",FALSE,TRUE,FALSE,FALSE,1,"exclusive","L"
"5594",FALSE,TRUE,FALSE,FALSE,1,"exclusive","L"
"5596",FALSE,TRUE,FALSE,FALSE,1,"exclusive","L"
"6654",FALSE,TRUE,TRUE,TRUE,3,"shared",NA
"6655",FALSE,TRUE,FALSE,TRUE,2,"shared",NA
"6656",FALSE,TRUE,FALSE,FALSE,1,"exclusive","L"
"6651",FALSE,TRUE,FALSE,TRUE,2,"shared",NA
"6645",FALSE,TRUE,FALSE,FALSE,1,"exclusive","L"
"2817",FALSE,TRUE,FALSE,FALSE,1,"exclusive","L"
"218",FALSE,TRUE,TRUE,TRUE,3,"shared",NA
"322",FALSE,TRUE,FALSE,FALSE,1,"exclusive","L"
"321",FALSE,TRUE,FALSE,FALSE,1,"exclusive","L"
"2354",FALSE,TRUE,TRUE,TRUE,3,"shared",NA
"1516",FALSE,TRUE,FALSE,FALSE,1,"exclusive","L"
"1990",FALSE,TRUE,FALSE,TRUE,2,"shared",NA
"1149",FALSE,TRUE,TRUE,FALSE,2,"shared",NA
"404",FALSE,TRUE,FALSE,FALSE,1,"exclusive","L"
"3600",FALSE,TRUE,FALSE,FALSE,1,"exclusive","L"
"304",FALSE,TRUE,FALSE,FALSE,1,"exclusive","L"
"6482",FALSE,TRUE,FALSE,FALSE,1,"exclusive","L"
"3602",FALSE,TRUE,FALSE,FALSE,1,"exclusive","L"
"3967",FALSE,TRUE,FALSE,FALSE,1,"exclusive","L"
"6644",FALSE,TRUE,FALSE,FALSE,1,"exclusive","L"
"6646",FALSE,TRUE,FALSE,FALSE,1,"exclusive","L"
"410",FALSE,TRUE,FALSE,FALSE,1,"exclusive","L"
"8053",FALSE,TRUE,FALSE,FALSE,1,"exclusive","L"
"853",FALSE,TRUE,FALSE,TRUE,2,"shared",NA
"6652",FALSE,TRUE,FALSE,FALSE,1,"exclusive","L"
"6561",FALSE,TRUE,FALSE,FALSE,1,"exclusive","L"
"1090",FALSE,TRUE,FALSE,FALSE,1,"exclusive","L"
"299",FALSE,TRUE,FALSE,FALSE,1,"exclusive","L"
"5216",FALSE,TRUE,FALSE,TRUE,2,"shared",NA
"6531",FALSE,TRUE,FALSE,FALSE,1,"exclusive","L"
"6549",FALSE,TRUE,FALSE,FALSE,1,"exclusive","L"
"396",FALSE,TRUE,FALSE,FALSE,1,"exclusive","L"
"6537",FALSE,TRUE,FALSE,FALSE,1,"exclusive","L"
"6536",FALSE,TRUE,FALSE,FALSE,1,"exclusive","L"
"6551",FALSE,TRUE,FALSE,FALSE,1,"exclusive","L"
"7713",FALSE,TRUE,FALSE,FALSE,1,"exclusive","L"
"694",FALSE,TRUE,FALSE,FALSE,1,"exclusive","L"
"1861",FALSE,TRUE,FALSE,FALSE,1,"exclusive","L"
"6648",FALSE,TRUE,FALSE,FALSE,1,"exclusive","L"
"6650",FALSE,TRUE,FALSE,FALSE,1,"exclusive","L"
"1089",FALSE,TRUE,FALSE,TRUE,2,"shared",NA
"1061",FALSE,TRUE,FALSE,TRUE,2,"shared",NA
"2664",FALSE,TRUE,FALSE,FALSE,1,"exclusive","L"
"6547",FALSE,TRUE,FALSE,TRUE,2,"shared",NA
"6653",FALSE,TRUE,FALSE,FALSE,1,"exclusive","L"
"8055",FALSE,TRUE,FALSE,TRUE,2,"shared",NA
"3026",FALSE,TRUE,FALSE,TRUE,2,"shared",NA
"1151",FALSE,TRUE,FALSE,FALSE,1,"exclusive","L"
"400",FALSE,TRUE,FALSE,FALSE,1,"exclusive","L"
"8093",FALSE,TRUE,TRUE,TRUE,3,"shared",NA
"253",FALSE,TRUE,FALSE,FALSE,1,"exclusive","L"
"248",FALSE,TRUE,FALSE,FALSE,1,"exclusive","L"
"859",FALSE,TRUE,FALSE,TRUE,2,"shared",NA
"849",FALSE,TRUE,FALSE,TRUE,2,"shared",NA
"1026",FALSE,TRUE,FALSE,FALSE,1,"exclusive","L"
"4329",FALSE,TRUE,TRUE,TRUE,3,"shared",NA
"2355",FALSE,TRUE,FALSE,TRUE,2,"shared",NA
"4143",FALSE,TRUE,FALSE,FALSE,1,"exclusive","L"
"7198",FALSE,TRUE,FALSE,FALSE,1,"exclusive","L"
"2357",FALSE,TRUE,FALSE,FALSE,1,"exclusive","L"
"5541",FALSE,TRUE,FALSE,FALSE,1,"exclusive","L"
"324",FALSE,TRUE,FALSE,FALSE,1,"exclusive","L"
"854",FALSE,TRUE,FALSE,FALSE,1,"exclusive","L"
"3043",FALSE,TRUE,FALSE,FALSE,1,"exclusive","L"
"5407",FALSE,TRUE,FALSE,FALSE,1,"exclusive","L"
"3608",FALSE,TRUE,FALSE,FALSE,1,"exclusive","L"
"5434",FALSE,TRUE,FALSE,FALSE,1,"exclusive","L"
"6649",FALSE,TRUE,FALSE,FALSE,1,"exclusive","L"
"6543",FALSE,TRUE,FALSE,FALSE,1,"exclusive","L"
"1020",FALSE,TRUE,FALSE,FALSE,1,"exclusive","L"
"2356",FALSE,TRUE,TRUE,TRUE,3,"shared",NA
"5408",FALSE,TRUE,FALSE,FALSE,1,"exclusive","L"
"850",FALSE,TRUE,FALSE,TRUE,2,"shared",NA
"247",FALSE,TRUE,FALSE,FALSE,1,"exclusive","L"
"5023",FALSE,TRUE,TRUE,TRUE,3,"shared",NA
"6556",FALSE,TRUE,FALSE,FALSE,1,"exclusive","L"
"5410",FALSE,TRUE,FALSE,FALSE,1,"exclusive","L"
"7196",FALSE,TRUE,FALSE,FALSE,1,"exclusive","L"
"249",FALSE,TRUE,FALSE,FALSE,1,"exclusive","L"
"1091",FALSE,TRUE,FALSE,TRUE,2,"shared",NA
"5548",FALSE,TRUE,FALSE,FALSE,1,"exclusive","L"
"6535",FALSE,TRUE,FALSE,FALSE,1,"exclusive","L"
"194",FALSE,TRUE,FALSE,FALSE,1,"exclusive","L"
"250",FALSE,TRUE,FALSE,FALSE,1,"exclusive","L"
"848",FALSE,TRUE,FALSE,FALSE,1,"exclusive","L"
"3601",FALSE,TRUE,FALSE,FALSE,1,"exclusive","L"
"399",FALSE,TRUE,FALSE,FALSE,1,"exclusive","L"
"4336",FALSE,TRUE,FALSE,FALSE,1,"exclusive","L"
"852",FALSE,TRUE,FALSE,FALSE,1,"exclusive","L"
"2353",FALSE,TRUE,TRUE,TRUE,3,"shared",NA
"6558",FALSE,TRUE,FALSE,FALSE,1,"exclusive","L"
"1021",FALSE,TRUE,FALSE,FALSE,1,"exclusive","L"
"5409",FALSE,TRUE,FALSE,FALSE,1,"exclusive","L"
"3050",FALSE,TRUE,TRUE,TRUE,3,"shared",NA
"5855",FALSE,TRUE,FALSE,FALSE,1,"exclusive","L"
"217",FALSE,TRUE,FALSE,FALSE,1,"exclusive","L"
"6554",FALSE,TRUE,FALSE,FALSE,1,"exclusive","L"
"7203",FALSE,TRUE,FALSE,FALSE,1,"exclusive","L"
"2310",FALSE,TRUE,FALSE,FALSE,1,"exclusive","L"
"6772",FALSE,TRUE,FALSE,FALSE,1,"exclusive","L"
"5404",FALSE,TRUE,FALSE,FALSE,1,"exclusive","L"
"3410",FALSE,TRUE,FALSE,FALSE,1,"exclusive","L"
"1858",FALSE,TRUE,FALSE,FALSE,1,"exclusive","L"
"8094",FALSE,TRUE,FALSE,TRUE,2,"shared",NA
"856",FALSE,TRUE,FALSE,FALSE,1,"exclusive","L"
"3606",FALSE,TRUE,FALSE,FALSE,1,"exclusive","L"
"401",FALSE,TRUE,FALSE,FALSE,1,"exclusive","L"
"392",FALSE,TRUE,FALSE,FALSE,1,"exclusive","L"
"6770",FALSE,TRUE,FALSE,FALSE,1,"exclusive","L"
"4499",FALSE,TRUE,FALSE,TRUE,2,"shared",NA
"947",FALSE,TRUE,FALSE,FALSE,1,"exclusive","L"
"8054",FALSE,TRUE,FALSE,FALSE,1,"exclusive","L"
"1157",FALSE,TRUE,FALSE,TRUE,2,"shared",NA
"6540",FALSE,TRUE,FALSE,FALSE,1,"exclusive","L"
"7204",FALSE,TRUE,FALSE,FALSE,1,"exclusive","L"
"2119",FALSE,TRUE,FALSE,FALSE,1,"exclusive","L"
"1536",FALSE,TRUE,TRUE,TRUE,3,"shared",NA
"409",FALSE,TRUE,FALSE,FALSE,1,"exclusive","L"
"6233",FALSE,TRUE,FALSE,FALSE,1,"exclusive","L"
"393",FALSE,TRUE,FALSE,FALSE,1,"exclusive","L"
"6759",FALSE,TRUE,FALSE,FALSE,1,"exclusive","L"
"2291",FALSE,TRUE,FALSE,FALSE,1,"exclusive","L"
"444",FALSE,TRUE,FALSE,FALSE,1,"exclusive","L"
"1080",FALSE,TRUE,FALSE,TRUE,2,"shared",NA
"2687",FALSE,TRUE,TRUE,TRUE,3,"shared",NA
"6574",FALSE,TRUE,FALSE,FALSE,1,"exclusive","L"
"5547",FALSE,TRUE,FALSE,FALSE,1,"exclusive","L"
"2358",FALSE,TRUE,TRUE,TRUE,3,"shared",NA
"4325",FALSE,TRUE,TRUE,TRUE,3,"shared",NA
"6304",FALSE,TRUE,FALSE,FALSE,1,"exclusive","L"
"5022",FALSE,TRUE,FALSE,TRUE,2,"shared",NA
"408",FALSE,TRUE,FALSE,TRUE,2,"shared",NA
"2352",FALSE,TRUE,FALSE,TRUE,2,"shared",NA
"390",FALSE,TRUE,FALSE,FALSE,1,"exclusive","L"
"3037",FALSE,TRUE,FALSE,FALSE,1,"exclusive","L"
"5406",FALSE,TRUE,FALSE,FALSE,1,"exclusive","L"
"3035",FALSE,TRUE,FALSE,FALSE,1,"exclusive","L"
"3027",FALSE,TRUE,FALSE,FALSE,1,"exclusive","L"
"3028",FALSE,TRUE,FALSE,FALSE,1,"exclusive","L"
"6307",FALSE,TRUE,FALSE,FALSE,1,"exclusive","L"
"443",FALSE,TRUE,TRUE,TRUE,3,"shared",NA
"4327",FALSE,TRUE,TRUE,TRUE,3,"shared",NA
"858",FALSE,TRUE,FALSE,FALSE,1,"exclusive","L"
"394",FALSE,TRUE,FALSE,FALSE,1,"exclusive","L"
"7197",FALSE,TRUE,FALSE,FALSE,1,"exclusive","L"
"5024",FALSE,TRUE,TRUE,TRUE,3,"shared",NA
"3042",FALSE,TRUE,FALSE,FALSE,1,"exclusive","L"
"5546",FALSE,TRUE,FALSE,FALSE,1,"exclusive","L"
"1019",FALSE,TRUE,FALSE,FALSE,1,"exclusive","L"
"1859",FALSE,TRUE,FALSE,FALSE,1,"exclusive","L"
"4428",FALSE,TRUE,FALSE,FALSE,1,"exclusive","L"
"5142",FALSE,TRUE,FALSE,FALSE,1,"exclusive","L"
"2072",FALSE,TRUE,FALSE,FALSE,1,"exclusive","L"
"387",FALSE,TRUE,TRUE,TRUE,3,"shared",NA
"5545",FALSE,TRUE,FALSE,FALSE,1,"exclusive","L"
"6534",FALSE,TRUE,FALSE,FALSE,1,"exclusive","L"
"851",FALSE,TRUE,FALSE,FALSE,1,"exclusive","L"
"5027",FALSE,TRUE,FALSE,FALSE,1,"exclusive","L"
"389",FALSE,TRUE,FALSE,FALSE,1,"exclusive","L"
"3331",FALSE,TRUE,FALSE,TRUE,2,"shared",NA
"3332",FALSE,TRUE,FALSE,FALSE,1,"exclusive","L"
"1276",FALSE,TRUE,FALSE,FALSE,1,"exclusive","L"
"7205",FALSE,TRUE,FALSE,FALSE,1,"exclusive","L"
"398",FALSE,TRUE,FALSE,FALSE,1,"exclusive","L"
"5026",FALSE,TRUE,FALSE,FALSE,1,"exclusive","L"
"2574",FALSE,TRUE,FALSE,FALSE,1,"exclusive","L"
"1150",FALSE,TRUE,FALSE,FALSE,1,"exclusive","L"
"2573",FALSE,TRUE,FALSE,FALSE,1,"exclusive","L"
"6563",FALSE,TRUE,FALSE,FALSE,1,"exclusive","L"
"3046",FALSE,TRUE,FALSE,FALSE,1,"exclusive","L"
"6229",FALSE,TRUE,FALSE,FALSE,1,"exclusive","L"
"5115",FALSE,TRUE,FALSE,FALSE,1,"exclusive","L"
"3114",FALSE,TRUE,FALSE,FALSE,1,"exclusive","L"
"1087",FALSE,TRUE,FALSE,TRUE,2,"shared",NA
"3121",FALSE,TRUE,FALSE,FALSE,1,"exclusive","L"
"989",FALSE,TRUE,FALSE,FALSE,1,"exclusive","L"
"3327",FALSE,TRUE,FALSE,FALSE,1,"exclusive","L"
"4326",FALSE,TRUE,FALSE,TRUE,2,"shared",NA
"6545",FALSE,TRUE,FALSE,FALSE,1,"exclusive","L"
"1064",FALSE,TRUE,FALSE,FALSE,1,"exclusive","L"
"7201",FALSE,TRUE,FALSE,FALSE,1,"exclusive","L"
"347",FALSE,TRUE,FALSE,FALSE,1,"exclusive","L"
"1410",FALSE,TRUE,FALSE,FALSE,1,"exclusive","L"
"2070",FALSE,TRUE,FALSE,FALSE,1,"exclusive","L"
"130",FALSE,TRUE,FALSE,FALSE,1,"exclusive","L"
"1027",FALSE,TRUE,FALSE,FALSE,1,"exclusive","L"
"6903",FALSE,TRUE,FALSE,TRUE,2,"shared",NA
"7667",FALSE,TRUE,TRUE,FALSE,2,"shared",NA
"3521",FALSE,TRUE,TRUE,TRUE,3,"shared",NA
"1155",FALSE,TRUE,TRUE,FALSE,2,"shared",NA
"6232",FALSE,TRUE,FALSE,FALSE,1,"exclusive","L"
"441",FALSE,TRUE,FALSE,FALSE,1,"exclusive","L"
"8295",FALSE,TRUE,FALSE,FALSE,1,"exclusive","L"
"445",FALSE,TRUE,FALSE,FALSE,1,"exclusive","L"
"7310",FALSE,TRUE,FALSE,TRUE,2,"shared",NA
"230",FALSE,TRUE,FALSE,TRUE,2,"shared",NA
"5364",FALSE,TRUE,FALSE,FALSE,1,"exclusive","L"
"261",FALSE,TRUE,FALSE,FALSE,1,"exclusive","L"
"4496",FALSE,TRUE,FALSE,FALSE,1,"exclusive","L"
"6231",FALSE,TRUE,FALSE,FALSE,1,"exclusive","L"
"5695",FALSE,TRUE,FALSE,FALSE,1,"exclusive","L"
"3107",FALSE,TRUE,FALSE,FALSE,1,"exclusive","L"
"1989",FALSE,TRUE,FALSE,FALSE,1,"exclusive","L"
"3381",FALSE,TRUE,FALSE,FALSE,1,"exclusive","L"
"8083",FALSE,TRUE,TRUE,TRUE,3,"shared",NA
"3827",FALSE,TRUE,TRUE,TRUE,3,"shared",NA
"3376",FALSE,TRUE,FALSE,FALSE,1,"exclusive","L"
"3382",FALSE,TRUE,FALSE,FALSE,1,"exclusive","L"
"3377",FALSE,TRUE,FALSE,FALSE,1,"exclusive","L"
"3380",FALSE,TRUE,FALSE,FALSE,1,"exclusive","L"
"3384",FALSE,TRUE,FALSE,FALSE,1,"exclusive","L"
"6768",FALSE,TRUE,FALSE,FALSE,1,"exclusive","L"
"4498",FALSE,TRUE,FALSE,FALSE,1,"exclusive","L"
"216",FALSE,TRUE,FALSE,FALSE,1,"exclusive","L"
"7334",FALSE,TRUE,FALSE,TRUE,2,"shared",NA
"7202",FALSE,TRUE,FALSE,FALSE,1,"exclusive","L"
"7331",FALSE,TRUE,FALSE,FALSE,1,"exclusive","L"
"6818",FALSE,TRUE,FALSE,FALSE,1,"exclusive","L"
"6227",FALSE,TRUE,FALSE,FALSE,1,"exclusive","L"
"6230",FALSE,TRUE,FALSE,FALSE,1,"exclusive","L"
"5025",FALSE,TRUE,FALSE,FALSE,1,"exclusive","L"
"6815",FALSE,TRUE,FALSE,FALSE,1,"exclusive","L"
"159",FALSE,TRUE,FALSE,FALSE,1,"exclusive","L"
"3605",FALSE,TRUE,FALSE,FALSE,1,"exclusive","L"
"2528",FALSE,TRUE,FALSE,FALSE,1,"exclusive","L"
"2359",FALSE,TRUE,FALSE,FALSE,1,"exclusive","L"
"855",FALSE,TRUE,FALSE,FALSE,1,"exclusive","L"
"5595",FALSE,TRUE,FALSE,FALSE,1,"exclusive","L"
"4225",FALSE,TRUE,FALSE,FALSE,1,"exclusive","L"
"6225",FALSE,TRUE,FALSE,FALSE,1,"exclusive","L"
"639",FALSE,TRUE,FALSE,FALSE,1,"exclusive","L"
"1081",FALSE,TRUE,FALSE,FALSE,1,"exclusive","L"
"5016",FALSE,TRUE,FALSE,FALSE,1,"exclusive","L"
"442",FALSE,TRUE,FALSE,FALSE,1,"exclusive","L"
"6312",FALSE,TRUE,TRUE,FALSE,2,"shared",NA
"5118",FALSE,TRUE,FALSE,FALSE,1,"exclusive","L"
"6642",FALSE,TRUE,FALSE,FALSE,1,"exclusive","L"
"5119",FALSE,TRUE,FALSE,FALSE,1,"exclusive","L"
"316",FALSE,TRUE,FALSE,FALSE,1,"exclusive","L"
"1161",FALSE,TRUE,FALSE,FALSE,1,"exclusive","L"
"7887",FALSE,TRUE,FALSE,FALSE,1,"exclusive","L"
"4653",FALSE,TRUE,FALSE,FALSE,1,"exclusive","L"
"6164",FALSE,TRUE,FALSE,FALSE,1,"exclusive","L"
"7139",FALSE,TRUE,FALSE,FALSE,1,"exclusive","L"
"6816",FALSE,TRUE,FALSE,FALSE,1,"exclusive","L"
"3385",FALSE,TRUE,FALSE,FALSE,1,"exclusive","L"
"7326",FALSE,TRUE,TRUE,TRUE,3,"shared",NA
"3038",FALSE,TRUE,FALSE,FALSE,1,"exclusive","L"
"996",FALSE,TRUE,FALSE,FALSE,1,"exclusive","L"
"1154",FALSE,TRUE,FALSE,FALSE,1,"exclusive","L"
"2488",FALSE,TRUE,FALSE,FALSE,1,"exclusive","L"
"2285",FALSE,TRUE,FALSE,FALSE,1,"exclusive","L"
"4328",FALSE,TRUE,TRUE,TRUE,3,"shared",NA
"6061",FALSE,TRUE,FALSE,FALSE,1,"exclusive","L"
"5480",FALSE,TRUE,FALSE,FALSE,1,"exclusive","L"
"158",FALSE,TRUE,FALSE,FALSE,1,"exclusive","L"
"160",FALSE,TRUE,FALSE,FALSE,1,"exclusive","L"
"157",FALSE,TRUE,FALSE,FALSE,1,"exclusive","L"
"7328",FALSE,TRUE,TRUE,TRUE,3,"shared",NA
"327",FALSE,TRUE,FALSE,FALSE,1,"exclusive","L"
"302",FALSE,TRUE,FALSE,FALSE,1,"exclusive","L"
"5135",FALSE,TRUE,TRUE,FALSE,2,"shared",NA
"4831",FALSE,TRUE,FALSE,FALSE,1,"exclusive","L"
"4832",FALSE,TRUE,FALSE,FALSE,1,"exclusive","L"
"758",FALSE,TRUE,TRUE,TRUE,3,"shared",NA
"7036",FALSE,TRUE,FALSE,FALSE,1,"exclusive","L"
"6224",FALSE,TRUE,TRUE,FALSE,2,"shared",NA
"4146",FALSE,TRUE,FALSE,FALSE,1,"exclusive","L"
"6266",FALSE,TRUE,FALSE,FALSE,1,"exclusive","L"
"1770",FALSE,TRUE,FALSE,FALSE,1,"exclusive","L"
"4178",FALSE,TRUE,FALSE,FALSE,1,"exclusive","L"
"6817",FALSE,TRUE,FALSE,FALSE,1,"exclusive","L"
"5095",FALSE,TRUE,FALSE,FALSE,1,"exclusive","L"
"2892",FALSE,TRUE,FALSE,FALSE,1,"exclusive","L"
"4429",FALSE,TRUE,FALSE,FALSE,1,"exclusive","L"
"791",FALSE,TRUE,FALSE,FALSE,1,"exclusive","L"
"7325",FALSE,TRUE,TRUE,TRUE,3,"shared",NA
"6921",FALSE,TRUE,FALSE,FALSE,1,"exclusive","L"
"5365",FALSE,TRUE,FALSE,FALSE,1,"exclusive","L"
"266",FALSE,TRUE,FALSE,FALSE,1,"exclusive","L"
"1916",FALSE,TRUE,FALSE,FALSE,1,"exclusive","L"
"5103",FALSE,TRUE,FALSE,FALSE,1,"exclusive","L"
"7160",FALSE,TRUE,FALSE,FALSE,1,"exclusive","L"
"6170",FALSE,TRUE,FALSE,FALSE,1,"exclusive","L"
"5436",FALSE,TRUE,FALSE,FALSE,1,"exclusive","L"
"7200",FALSE,TRUE,FALSE,FALSE,1,"exclusive","L"
"5020",FALSE,TRUE,FALSE,FALSE,1,"exclusive","L"
"811",FALSE,TRUE,FALSE,FALSE,1,"exclusive","L"
"2322",FALSE,TRUE,TRUE,TRUE,3,"shared",NA
"2323",FALSE,TRUE,TRUE,TRUE,3,"shared",NA
"3829",FALSE,TRUE,TRUE,FALSE,2,"shared",NA
"395",FALSE,TRUE,FALSE,FALSE,1,"exclusive","L"
"2542",FALSE,TRUE,FALSE,FALSE,1,"exclusive","L"
"1110",FALSE,TRUE,FALSE,FALSE,1,"exclusive","L"
"7173",FALSE,TRUE,FALSE,FALSE,1,"exclusive","L"
"1088",FALSE,TRUE,FALSE,TRUE,2,"shared",NA
"2546",FALSE,TRUE,FALSE,FALSE,1,"exclusive","L"
"6771",FALSE,TRUE,FALSE,FALSE,1,"exclusive","L"
"4357",FALSE,TRUE,FALSE,FALSE,1,"exclusive","L"
"6774",FALSE,TRUE,TRUE,FALSE,2,"shared",NA
"3785",FALSE,TRUE,FALSE,FALSE,1,"exclusive","L"
"56",FALSE,TRUE,FALSE,FALSE,1,"exclusive","L"
"4145",FALSE,TRUE,FALSE,TRUE,2,"shared",NA
"6788",FALSE,TRUE,FALSE,FALSE,1,"exclusive","L"
"3302",FALSE,TRUE,FALSE,FALSE,1,"exclusive","L"
"857",FALSE,TRUE,FALSE,FALSE,1,"exclusive","L"
"6060",FALSE,TRUE,FALSE,FALSE,1,"exclusive","L"
"317",FALSE,TRUE,FALSE,FALSE,1,"exclusive","L"
"1860",FALSE,TRUE,TRUE,FALSE,2,"shared",NA
"348",FALSE,TRUE,FALSE,FALSE,1,"exclusive","L"
"2536",FALSE,TRUE,FALSE,FALSE,1,"exclusive","L"
"969",FALSE,TRUE,FALSE,FALSE,1,"exclusive","L"
"970",FALSE,TRUE,FALSE,FALSE,1,"exclusive","L"
"6500",FALSE,TRUE,FALSE,FALSE,1,"exclusive","L"
"6904",FALSE,TRUE,FALSE,TRUE,2,"shared",NA
"1116",FALSE,TRUE,FALSE,FALSE,1,"exclusive","L"
"2551",FALSE,TRUE,FALSE,FALSE,1,"exclusive","L"
"6729",FALSE,TRUE,FALSE,FALSE,1,"exclusive","L"
"968",FALSE,TRUE,FALSE,FALSE,1,"exclusive","L"
"3016",FALSE,TRUE,FALSE,FALSE,1,"exclusive","L"
"5310",FALSE,TRUE,FALSE,FALSE,1,"exclusive","L"
"3480",FALSE,TRUE,FALSE,FALSE,1,"exclusive","L"
"6787",FALSE,TRUE,FALSE,FALSE,1,"exclusive","L"
"2292",FALSE,TRUE,FALSE,FALSE,1,"exclusive","L"
"1379",FALSE,TRUE,FALSE,FALSE,1,"exclusive","L"
"8080",FALSE,TRUE,TRUE,TRUE,3,"shared",NA
"305",FALSE,TRUE,FALSE,FALSE,1,"exclusive","L"
"5613",FALSE,TRUE,FALSE,FALSE,1,"exclusive","L"
"6812",FALSE,TRUE,FALSE,FALSE,1,"exclusive","L"
"2539",FALSE,TRUE,FALSE,FALSE,1,"exclusive","L"
"6503",FALSE,TRUE,FALSE,FALSE,1,"exclusive","L"
"6767",FALSE,TRUE,FALSE,FALSE,1,"exclusive","L"
"2068",FALSE,TRUE,FALSE,FALSE,1,"exclusive","L"
"3048",FALSE,TRUE,FALSE,FALSE,1,"exclusive","L"
"2066",FALSE,TRUE,FALSE,FALSE,1,"exclusive","L"
"311",FALSE,TRUE,FALSE,FALSE,1,"exclusive","L"
"3324",FALSE,TRUE,FALSE,FALSE,1,"exclusive","L"
"1378",FALSE,TRUE,FALSE,FALSE,1,"exclusive","L"
"1894",FALSE,TRUE,FALSE,FALSE,1,"exclusive","L"
"7245",FALSE,TRUE,TRUE,FALSE,2,"shared",NA
"6486",FALSE,TRUE,FALSE,FALSE,1,"exclusive","L"
"312",FALSE,TRUE,FALSE,FALSE,1,"exclusive","L"
"7462",FALSE,TRUE,FALSE,FALSE,1,"exclusive","L"
"6709",FALSE,TRUE,FALSE,FALSE,1,"exclusive","L"
"7997",FALSE,TRUE,FALSE,FALSE,1,"exclusive","L"
"6909",FALSE,TRUE,FALSE,FALSE,1,"exclusive","L"
"5330",FALSE,TRUE,FALSE,FALSE,1,"exclusive","L"
"3607",FALSE,TRUE,FALSE,FALSE,1,"exclusive","L"
"6432",FALSE,TRUE,FALSE,FALSE,1,"exclusive","L"
"499",FALSE,TRUE,FALSE,FALSE,1,"exclusive","L"
"6738",FALSE,TRUE,FALSE,FALSE,1,"exclusive","L"
"5984",FALSE,TRUE,FALSE,FALSE,1,"exclusive","L"
"2538",FALSE,TRUE,FALSE,FALSE,1,"exclusive","L"
"1902",FALSE,TRUE,FALSE,FALSE,1,"exclusive","L"
"7797",FALSE,TRUE,FALSE,FALSE,1,"exclusive","L"
"385",FALSE,TRUE,FALSE,FALSE,1,"exclusive","L"
"2527",FALSE,TRUE,FALSE,TRUE,2,"shared",NA
"314",FALSE,TRUE,FALSE,FALSE,1,"exclusive","L"
"4287",FALSE,TRUE,FALSE,FALSE,1,"exclusive","L"
"231",FALSE,TRUE,FALSE,FALSE,1,"exclusive","L"
"332",FALSE,TRUE,FALSE,FALSE,1,"exclusive","L"
"2522",FALSE,TRUE,FALSE,FALSE,1,"exclusive","L"
"6620",FALSE,TRUE,FALSE,FALSE,1,"exclusive","L"
"2938",FALSE,TRUE,FALSE,FALSE,1,"exclusive","L"
"6910",FALSE,TRUE,FALSE,FALSE,1,"exclusive","L"
"2890",FALSE,TRUE,FALSE,FALSE,1,"exclusive","L"
"7189",FALSE,TRUE,FALSE,FALSE,1,"exclusive","L"
"5983",FALSE,TRUE,FALSE,FALSE,1,"exclusive","L"
"1380",FALSE,TRUE,FALSE,FALSE,1,"exclusive","L"
"397",FALSE,TRUE,FALSE,FALSE,1,"exclusive","L"
"1900",FALSE,TRUE,FALSE,FALSE,1,"exclusive","L"
"5965",FALSE,TRUE,FALSE,FALSE,1,"exclusive","L"
"5968",FALSE,TRUE,FALSE,FALSE,1,"exclusive","L"
"2554",FALSE,TRUE,FALSE,FALSE,1,"exclusive","L"
"6786",FALSE,TRUE,FALSE,FALSE,1,"exclusive","L"
"4210",FALSE,TRUE,FALSE,FALSE,1,"exclusive","L"
"7199",FALSE,TRUE,FALSE,FALSE,1,"exclusive","L"
"3762",FALSE,TRUE,FALSE,FALSE,1,"exclusive","L"
"4197",FALSE,TRUE,FALSE,FALSE,1,"exclusive","L"
"1906",FALSE,TRUE,FALSE,FALSE,1,"exclusive","L"
"4364",FALSE,TRUE,FALSE,FALSE,1,"exclusive","L"
"1879",FALSE,TRUE,FALSE,FALSE,1,"exclusive","L"
"2543",FALSE,TRUE,FALSE,FALSE,1,"exclusive","L"
"2535",FALSE,TRUE,FALSE,FALSE,1,"exclusive","L"
"1880",FALSE,TRUE,FALSE,FALSE,1,"exclusive","L"
"5099",FALSE,TRUE,FALSE,FALSE,1,"exclusive","L"
"2547",FALSE,TRUE,FALSE,FALSE,1,"exclusive","L"
"7401",FALSE,TRUE,TRUE,TRUE,3,"shared",NA
"7379",FALSE,TRUE,TRUE,TRUE,3,"shared",NA
"2519",FALSE,TRUE,FALSE,FALSE,1,"exclusive","L"
"2469",FALSE,TRUE,FALSE,FALSE,1,"exclusive","L"
"301",FALSE,TRUE,FALSE,FALSE,1,"exclusive","L"
"2553",FALSE,TRUE,FALSE,FALSE,1,"exclusive","L"
"1907",FALSE,TRUE,FALSE,FALSE,1,"exclusive","L"
"2470",FALSE,TRUE,FALSE,FALSE,1,"exclusive","L"
"1889",FALSE,TRUE,FALSE,FALSE,1,"exclusive","L"
"2544",FALSE,TRUE,FALSE,FALSE,1,"exclusive","L"
"1886",FALSE,TRUE,FALSE,FALSE,1,"exclusive","L"
"2073",FALSE,TRUE,FALSE,FALSE,1,"exclusive","L"
"3104",FALSE,TRUE,FALSE,FALSE,1,"exclusive","L"
"3106",FALSE,TRUE,FALSE,FALSE,1,"exclusive","L"
"7463",FALSE,TRUE,FALSE,FALSE,1,"exclusive","L"
"407",FALSE,TRUE,FALSE,FALSE,1,"exclusive","L"
"5097",FALSE,TRUE,FALSE,FALSE,1,"exclusive","L"
"254",FALSE,TRUE,FALSE,FALSE,1,"exclusive","L"
"1115",FALSE,TRUE,FALSE,FALSE,1,"exclusive","L"
"2889",FALSE,TRUE,FALSE,FALSE,1,"exclusive","L"
"1882",FALSE,TRUE,FALSE,FALSE,1,"exclusive","L"
"6741",FALSE,TRUE,FALSE,FALSE,1,"exclusive","L"
"7466",FALSE,TRUE,FALSE,FALSE,1,"exclusive","L"
"310",FALSE,TRUE,FALSE,FALSE,1,"exclusive","L"
"2524",FALSE,TRUE,FALSE,FALSE,1,"exclusive","L"
"8073",FALSE,TRUE,TRUE,TRUE,3,"shared",NA
"8076",FALSE,TRUE,TRUE,TRUE,3,"shared",NA
"265",FALSE,TRUE,FALSE,FALSE,1,"exclusive","L"
"5516",FALSE,TRUE,FALSE,FALSE,1,"exclusive","L"
"5522",FALSE,TRUE,FALSE,FALSE,1,"exclusive","L"
"1905",FALSE,TRUE,FALSE,FALSE,1,"exclusive","L"
"5531",FALSE,TRUE,FALSE,FALSE,1,"exclusive","L"
"3922",FALSE,TRUE,FALSE,FALSE,1,"exclusive","L"
"213",FALSE,TRUE,FALSE,FALSE,1,"exclusive","L"
"6757",FALSE,TRUE,FALSE,FALSE,1,"exclusive","L"
"336",FALSE,TRUE,FALSE,FALSE,1,"exclusive","L"
"4198",FALSE,TRUE,TRUE,FALSE,2,"shared",NA
"661",FALSE,TRUE,FALSE,FALSE,1,"exclusive","L"
"7163",FALSE,TRUE,FALSE,FALSE,1,"exclusive","L"
"2549",FALSE,TRUE,FALSE,FALSE,1,"exclusive","L"
"6269",FALSE,TRUE,FALSE,TRUE,2,"shared",NA
"214",FALSE,TRUE,FALSE,FALSE,1,"exclusive","L"
"2548",FALSE,TRUE,FALSE,FALSE,1,"exclusive","L"
"1761",FALSE,TRUE,FALSE,FALSE,1,"exclusive","L"
"1411",FALSE,TRUE,FALSE,FALSE,1,"exclusive","L"
"1888",FALSE,TRUE,FALSE,FALSE,1,"exclusive","L"
"539",FALSE,TRUE,FALSE,FALSE,1,"exclusive","L"
"1891",FALSE,TRUE,FALSE,FALSE,1,"exclusive","L"
"5363",FALSE,TRUE,FALSE,FALSE,1,"exclusive","L"
"4257",FALSE,TRUE,FALSE,FALSE,1,"exclusive","L"
"57",FALSE,FALSE,TRUE,TRUE,2,"shared",NA
"1540",FALSE,FALSE,TRUE,TRUE,2,"shared",NA
"1541",FALSE,FALSE,TRUE,TRUE,2,"shared",NA
"3873",FALSE,FALSE,TRUE,FALSE,1,"exclusive","D"
"4548",FALSE,FALSE,TRUE,TRUE,2,"shared",NA
"4052",FALSE,FALSE,TRUE,FALSE,1,"exclusive","D"
"4053",FALSE,FALSE,TRUE,FALSE,1,"exclusive","D"
"4552",FALSE,FALSE,TRUE,FALSE,1,"exclusive","D"
"32",FALSE,FALSE,TRUE,FALSE,1,"exclusive","D"
"5690",FALSE,FALSE,TRUE,TRUE,2,"shared",NA
"6234",FALSE,FALSE,TRUE,TRUE,2,"shared",NA
"26",FALSE,FALSE,TRUE,TRUE,2,"shared",NA
"27",FALSE,FALSE,TRUE,FALSE,1,"exclusive","D"
"34",FALSE,FALSE,TRUE,FALSE,1,"exclusive","D"
"41",FALSE,FALSE,TRUE,TRUE,2,"shared",NA
"53",FALSE,FALSE,TRUE,TRUE,2,"shared",NA
"55",FALSE,FALSE,TRUE,FALSE,1,"exclusive","D"
"63",FALSE,FALSE,TRUE,FALSE,1,"exclusive","D"
"756",FALSE,FALSE,TRUE,TRUE,2,"shared",NA
"1042",FALSE,FALSE,TRUE,TRUE,2,"shared",NA
"1047",FALSE,FALSE,TRUE,TRUE,2,"shared",NA
"2922",FALSE,FALSE,TRUE,TRUE,2,"shared",NA
"3238",FALSE,FALSE,TRUE,FALSE,1,"exclusive","D"
"4550",FALSE,FALSE,TRUE,TRUE,2,"shared",NA
"5007",FALSE,FALSE,TRUE,TRUE,2,"shared",NA
"7381",FALSE,FALSE,TRUE,TRUE,2,"shared",NA
"8074",FALSE,FALSE,TRUE,TRUE,2,"shared",NA
"8077",FALSE,FALSE,TRUE,TRUE,2,"shared",NA
"8079",FALSE,FALSE,TRUE,TRUE,2,"shared",NA
"8081",FALSE,FALSE,TRUE,TRUE,2,"shared",NA
"8082",FALSE,FALSE,TRUE,FALSE,1,"exclusive","D"
"33",FALSE,FALSE,TRUE,TRUE,2,"shared",NA
"757",FALSE,FALSE,TRUE,TRUE,2,"shared",NA
"2620",FALSE,FALSE,TRUE,TRUE,2,"shared",NA
"24",FALSE,FALSE,TRUE,TRUE,2,"shared",NA
"64",FALSE,FALSE,TRUE,FALSE,1,"exclusive","D"
"1058",FALSE,FALSE,TRUE,FALSE,1,"exclusive","D"
"813",FALSE,FALSE,TRUE,FALSE,1,"exclusive","D"
"3044",FALSE,FALSE,TRUE,TRUE,2,"shared",NA
"3045",FALSE,FALSE,TRUE,TRUE,2,"shared",NA
"3051",FALSE,FALSE,TRUE,FALSE,1,"exclusive","D"
"3828",FALSE,FALSE,TRUE,FALSE,1,"exclusive","D"
"4580",FALSE,FALSE,TRUE,FALSE,1,"exclusive","D"
"5015",FALSE,FALSE,TRUE,FALSE,1,"exclusive","D"
"7015",FALSE,FALSE,TRUE,FALSE,1,"exclusive","D"
"7018",FALSE,FALSE,TRUE,FALSE,1,"exclusive","D"
"7654",FALSE,FALSE,TRUE,TRUE,2,"shared",NA
"7710",FALSE,FALSE,TRUE,FALSE,1,"exclusive","D"
"4578",FALSE,FALSE,TRUE,FALSE,1,"exclusive","D"
"4579",FALSE,FALSE,TRUE,FALSE,1,"exclusive","D"
"7653",FALSE,FALSE,TRUE,TRUE,2,"shared",NA
"478",FALSE,FALSE,TRUE,TRUE,2,"shared",NA
"1470",FALSE,FALSE,TRUE,FALSE,1,"exclusive","D"
"1528",FALSE,FALSE,TRUE,FALSE,1,"exclusive","D"
"2451",FALSE,FALSE,TRUE,FALSE,1,"exclusive","D"
"2696",FALSE,FALSE,TRUE,FALSE,1,"exclusive","D"
"2740",FALSE,FALSE,TRUE,TRUE,2,"shared",NA
"4534",FALSE,FALSE,TRUE,TRUE,2,"shared",NA
"4535",FALSE,FALSE,TRUE,TRUE,2,"shared",NA
"4538",FALSE,FALSE,TRUE,TRUE,2,"shared",NA
"4539",FALSE,FALSE,TRUE,TRUE,2,"shared",NA
"4541",FALSE,FALSE,TRUE,TRUE,2,"shared",NA
"6257",FALSE,FALSE,TRUE,TRUE,2,"shared",NA
"6483",FALSE,FALSE,TRUE,FALSE,1,"exclusive","D"
"6484",FALSE,FALSE,TRUE,FALSE,1,"exclusive","D"
"7092",FALSE,FALSE,TRUE,FALSE,1,"exclusive","D"
"7584",FALSE,FALSE,TRUE,TRUE,2,"shared",NA
"7879",FALSE,FALSE,TRUE,FALSE,1,"exclusive","D"
"7882",FALSE,FALSE,TRUE,FALSE,1,"exclusive","D"
"7883",FALSE,FALSE,TRUE,FALSE,1,"exclusive","D"
"1525",FALSE,FALSE,TRUE,FALSE,1,"exclusive","D"
"1527",FALSE,FALSE,TRUE,FALSE,1,"exclusive","D"
"4186",FALSE,FALSE,TRUE,FALSE,1,"exclusive","D"
"1519",FALSE,FALSE,TRUE,FALSE,1,"exclusive","D"
"1526",FALSE,FALSE,TRUE,FALSE,1,"exclusive","D"
"1529",FALSE,FALSE,TRUE,FALSE,1,"exclusive","D"
"2692",FALSE,FALSE,TRUE,FALSE,1,"exclusive","D"
"2693",FALSE,FALSE,TRUE,FALSE,1,"exclusive","D"
"29",FALSE,FALSE,TRUE,FALSE,1,"exclusive","D"
"3118",FALSE,FALSE,TRUE,FALSE,1,"exclusive","D"
"3712",FALSE,FALSE,TRUE,FALSE,1,"exclusive","D"
"4041",FALSE,FALSE,TRUE,FALSE,1,"exclusive","D"
"127",FALSE,FALSE,TRUE,TRUE,2,"shared",NA
"128",FALSE,FALSE,TRUE,TRUE,2,"shared",NA
"234",FALSE,FALSE,TRUE,FALSE,1,"exclusive","D"
"2598",FALSE,FALSE,TRUE,FALSE,1,"exclusive","D"
"6174",FALSE,FALSE,TRUE,FALSE,1,"exclusive","D"
"6925",FALSE,FALSE,TRUE,FALSE,1,"exclusive","D"
"7322",FALSE,FALSE,TRUE,TRUE,2,"shared",NA
"7324",FALSE,FALSE,TRUE,TRUE,2,"shared",NA
"7329",FALSE,FALSE,TRUE,FALSE,1,"exclusive","D"
"7332",FALSE,FALSE,TRUE,TRUE,2,"shared",NA
"753",FALSE,FALSE,TRUE,TRUE,2,"shared",NA
"2621",FALSE,FALSE,TRUE,TRUE,2,"shared",NA
"2925",FALSE,FALSE,TRUE,FALSE,1,"exclusive","D"
"2944",FALSE,FALSE,TRUE,TRUE,2,"shared",NA
"5921",FALSE,FALSE,TRUE,FALSE,1,"exclusive","D"
"4054",FALSE,FALSE,TRUE,FALSE,1,"exclusive","D"
"4067",FALSE,FALSE,TRUE,FALSE,1,"exclusive","D"
"2238",FALSE,FALSE,TRUE,FALSE,1,"exclusive","D"
"5919",FALSE,FALSE,TRUE,FALSE,1,"exclusive","D"
"1297",FALSE,FALSE,TRUE,FALSE,1,"exclusive","D"
"2443",FALSE,FALSE,TRUE,FALSE,1,"exclusive","D"
"7711",FALSE,FALSE,TRUE,FALSE,1,"exclusive","D"
"30",FALSE,FALSE,TRUE,FALSE,1,"exclusive","D"
"31",FALSE,FALSE,TRUE,FALSE,1,"exclusive","D"
"40",FALSE,FALSE,TRUE,FALSE,1,"exclusive","D"
"48",FALSE,FALSE,TRUE,FALSE,1,"exclusive","D"
"61",FALSE,FALSE,TRUE,FALSE,1,"exclusive","D"
"759",FALSE,FALSE,TRUE,TRUE,2,"shared",NA
"2618",FALSE,FALSE,TRUE,TRUE,2,"shared",NA
"7371",FALSE,FALSE,TRUE,TRUE,2,"shared",NA
"7372",FALSE,FALSE,TRUE,FALSE,1,"exclusive","D"
"7376",FALSE,FALSE,TRUE,TRUE,2,"shared",NA
"7378",FALSE,FALSE,TRUE,TRUE,2,"shared",NA
"8075",FALSE,FALSE,TRUE,TRUE,2,"shared",NA
"703",FALSE,FALSE,TRUE,FALSE,1,"exclusive","D"
"62",FALSE,FALSE,TRUE,FALSE,1,"exclusive","D"
"2936",FALSE,FALSE,TRUE,FALSE,1,"exclusive","D"
"1518",FALSE,FALSE,TRUE,FALSE,1,"exclusive","D"
"2934",FALSE,FALSE,TRUE,TRUE,2,"shared",NA
"1467",FALSE,FALSE,TRUE,FALSE,1,"exclusive","D"
"1469",FALSE,FALSE,TRUE,FALSE,1,"exclusive","D"
"65",FALSE,FALSE,TRUE,FALSE,1,"exclusive","D"
"66",FALSE,FALSE,TRUE,FALSE,1,"exclusive","D"
"1056",FALSE,FALSE,TRUE,TRUE,2,"shared",NA
"4351",FALSE,FALSE,TRUE,FALSE,1,"exclusive","D"
"25",FALSE,FALSE,TRUE,FALSE,1,"exclusive","D"
"1046",FALSE,FALSE,TRUE,TRUE,2,"shared",NA
"3155",FALSE,FALSE,TRUE,FALSE,1,"exclusive","D"
"7755",FALSE,FALSE,TRUE,FALSE,1,"exclusive","D"
"7756",FALSE,FALSE,TRUE,TRUE,2,"shared",NA
"1521",FALSE,FALSE,TRUE,FALSE,1,"exclusive","D"
"8179",FALSE,FALSE,TRUE,FALSE,1,"exclusive","D"
"8181",FALSE,FALSE,TRUE,FALSE,1,"exclusive","D"
"4999",FALSE,FALSE,TRUE,FALSE,1,"exclusive","D"
"5021",FALSE,FALSE,TRUE,TRUE,2,"shared",NA
"4195",FALSE,FALSE,TRUE,FALSE,1,"exclusive","D"
"4199",FALSE,FALSE,TRUE,FALSE,1,"exclusive","D"
"5730",FALSE,FALSE,TRUE,FALSE,1,"exclusive","D"
"6427",FALSE,FALSE,TRUE,FALSE,1,"exclusive","D"
"1288",FALSE,FALSE,TRUE,FALSE,1,"exclusive","D"
"1312",FALSE,FALSE,TRUE,FALSE,1,"exclusive","D"
"4442",FALSE,FALSE,TRUE,FALSE,1,"exclusive","D"
"6462",FALSE,FALSE,TRUE,FALSE,1,"exclusive","D"
"7844",FALSE,FALSE,TRUE,TRUE,2,"shared",NA
"6102",FALSE,FALSE,TRUE,FALSE,1,"exclusive","D"
"2418",FALSE,FALSE,TRUE,FALSE,1,"exclusive","D"
"3250",FALSE,FALSE,TRUE,FALSE,1,"exclusive","D"
"4183",FALSE,FALSE,TRUE,FALSE,1,"exclusive","D"
"4193",FALSE,FALSE,TRUE,FALSE,1,"exclusive","D"
"7885",FALSE,FALSE,TRUE,FALSE,1,"exclusive","D"
"1520",FALSE,FALSE,TRUE,FALSE,1,"exclusive","D"
"199",FALSE,FALSE,TRUE,FALSE,1,"exclusive","D"
"200",FALSE,FALSE,TRUE,FALSE,1,"exclusive","D"
"201",FALSE,FALSE,TRUE,FALSE,1,"exclusive","D"
"202",FALSE,FALSE,TRUE,FALSE,1,"exclusive","D"
"203",FALSE,FALSE,TRUE,TRUE,2,"shared",NA
"204",FALSE,FALSE,TRUE,FALSE,1,"exclusive","D"
"419",FALSE,FALSE,TRUE,FALSE,1,"exclusive","D"
"474",FALSE,FALSE,TRUE,TRUE,2,"shared",NA
"475",FALSE,FALSE,TRUE,FALSE,1,"exclusive","D"
"479",FALSE,FALSE,TRUE,FALSE,1,"exclusive","D"
"937",FALSE,FALSE,TRUE,FALSE,1,"exclusive","D"
"938",FALSE,FALSE,TRUE,FALSE,1,"exclusive","D"
"939",FALSE,FALSE,TRUE,FALSE,1,"exclusive","D"
"1205",FALSE,FALSE,TRUE,FALSE,1,"exclusive","D"
"1206",FALSE,FALSE,TRUE,FALSE,1,"exclusive","D"
"1207",FALSE,FALSE,TRUE,FALSE,1,"exclusive","D"
"1208",FALSE,FALSE,TRUE,FALSE,1,"exclusive","D"
"1209",FALSE,FALSE,TRUE,FALSE,1,"exclusive","D"
"1210",FALSE,FALSE,TRUE,FALSE,1,"exclusive","D"
"1211",FALSE,FALSE,TRUE,FALSE,1,"exclusive","D"
"1212",FALSE,FALSE,TRUE,FALSE,1,"exclusive","D"
"1471",FALSE,FALSE,TRUE,FALSE,1,"exclusive","D"
"1472",FALSE,FALSE,TRUE,FALSE,1,"exclusive","D"
"1473",FALSE,FALSE,TRUE,FALSE,1,"exclusive","D"
"1475",FALSE,FALSE,TRUE,FALSE,1,"exclusive","D"
"1477",FALSE,FALSE,TRUE,TRUE,2,"shared",NA
"1783",FALSE,FALSE,TRUE,FALSE,1,"exclusive","D"
"1821",FALSE,FALSE,TRUE,FALSE,1,"exclusive","D"
"1822",FALSE,FALSE,TRUE,FALSE,1,"exclusive","D"
"1823",FALSE,FALSE,TRUE,FALSE,1,"exclusive","D"
"1824",FALSE,FALSE,TRUE,FALSE,1,"exclusive","D"
"1825",FALSE,FALSE,TRUE,FALSE,1,"exclusive","D"
"1826",FALSE,FALSE,TRUE,FALSE,1,"exclusive","D"
"1827",FALSE,FALSE,TRUE,FALSE,1,"exclusive","D"
"1828",FALSE,FALSE,TRUE,FALSE,1,"exclusive","D"
"1829",FALSE,FALSE,TRUE,FALSE,1,"exclusive","D"
"1830",FALSE,FALSE,TRUE,FALSE,1,"exclusive","D"
"1831",FALSE,FALSE,TRUE,FALSE,1,"exclusive","D"
"1832",FALSE,FALSE,TRUE,FALSE,1,"exclusive","D"
"1833",FALSE,FALSE,TRUE,FALSE,1,"exclusive","D"
"1834",FALSE,FALSE,TRUE,FALSE,1,"exclusive","D"
"1835",FALSE,FALSE,TRUE,FALSE,1,"exclusive","D"
"1836",FALSE,FALSE,TRUE,FALSE,1,"exclusive","D"
"1854",FALSE,FALSE,TRUE,FALSE,1,"exclusive","D"
"1855",FALSE,FALSE,TRUE,FALSE,1,"exclusive","D"
"1856",FALSE,FALSE,TRUE,TRUE,2,"shared",NA
"1857",FALSE,FALSE,TRUE,FALSE,1,"exclusive","D"
"2485",FALSE,FALSE,TRUE,TRUE,2,"shared",NA
"2683",FALSE,FALSE,TRUE,FALSE,1,"exclusive","D"
"2734",FALSE,FALSE,TRUE,FALSE,1,"exclusive","D"
"2735",FALSE,FALSE,TRUE,TRUE,2,"shared",NA
"2737",FALSE,FALSE,TRUE,TRUE,2,"shared",NA
"2738",FALSE,FALSE,TRUE,FALSE,1,"exclusive","D"
"2741",FALSE,FALSE,TRUE,TRUE,2,"shared",NA
"2742",FALSE,FALSE,TRUE,FALSE,1,"exclusive","D"
"2743",FALSE,FALSE,TRUE,TRUE,2,"shared",NA
"2809",FALSE,FALSE,TRUE,FALSE,1,"exclusive","D"
"2815",FALSE,FALSE,TRUE,FALSE,1,"exclusive","D"
"2828",FALSE,FALSE,TRUE,TRUE,2,"shared",NA
"2907",FALSE,FALSE,TRUE,FALSE,1,"exclusive","D"
"2908",FALSE,FALSE,TRUE,FALSE,1,"exclusive","D"
"2980",FALSE,FALSE,TRUE,TRUE,2,"shared",NA
"2981",FALSE,FALSE,TRUE,TRUE,2,"shared",NA
"3247",FALSE,FALSE,TRUE,FALSE,1,"exclusive","D"
"3417",FALSE,FALSE,TRUE,TRUE,2,"shared",NA
"3419",FALSE,FALSE,TRUE,FALSE,1,"exclusive","D"
"3447",FALSE,FALSE,TRUE,FALSE,1,"exclusive","D"
"3449",FALSE,FALSE,TRUE,TRUE,2,"shared",NA
"3450",FALSE,FALSE,TRUE,TRUE,2,"shared",NA
"3452",FALSE,FALSE,TRUE,FALSE,1,"exclusive","D"
"3453",FALSE,FALSE,TRUE,FALSE,1,"exclusive","D"
"3459",FALSE,FALSE,TRUE,FALSE,1,"exclusive","D"
"3460",FALSE,FALSE,TRUE,FALSE,1,"exclusive","D"
"3461",FALSE,FALSE,TRUE,FALSE,1,"exclusive","D"
"3462",FALSE,FALSE,TRUE,FALSE,1,"exclusive","D"
"3463",FALSE,FALSE,TRUE,FALSE,1,"exclusive","D"
"3464",FALSE,FALSE,TRUE,TRUE,2,"shared",NA
"3465",FALSE,FALSE,TRUE,TRUE,2,"shared",NA
"3630",FALSE,FALSE,TRUE,FALSE,1,"exclusive","D"
"3815",FALSE,FALSE,TRUE,FALSE,1,"exclusive","D"
"3851",FALSE,FALSE,TRUE,TRUE,2,"shared",NA
"3852",FALSE,FALSE,TRUE,TRUE,2,"shared",NA
"3853",FALSE,FALSE,TRUE,FALSE,1,"exclusive","D"
"3854",FALSE,FALSE,TRUE,TRUE,2,"shared",NA
"3855",FALSE,FALSE,TRUE,FALSE,1,"exclusive","D"
"3856",FALSE,FALSE,TRUE,TRUE,2,"shared",NA
"3857",FALSE,FALSE,TRUE,TRUE,2,"shared",NA
"4043",FALSE,FALSE,TRUE,TRUE,2,"shared",NA
"4046",FALSE,FALSE,TRUE,TRUE,2,"shared",NA
"4533",FALSE,FALSE,TRUE,FALSE,1,"exclusive","D"
"4537",FALSE,FALSE,TRUE,FALSE,1,"exclusive","D"
"5222",FALSE,FALSE,TRUE,FALSE,1,"exclusive","D"
"5229",FALSE,FALSE,TRUE,FALSE,1,"exclusive","D"
"5238",FALSE,FALSE,TRUE,FALSE,1,"exclusive","D"
"5239",FALSE,FALSE,TRUE,FALSE,1,"exclusive","D"
"5240",FALSE,FALSE,TRUE,FALSE,1,"exclusive","D"
"5241",FALSE,FALSE,TRUE,FALSE,1,"exclusive","D"
"5242",FALSE,FALSE,TRUE,FALSE,1,"exclusive","D"
"5361",FALSE,FALSE,TRUE,FALSE,1,"exclusive","D"
"5437",FALSE,FALSE,TRUE,FALSE,1,"exclusive","D"
"5439",FALSE,FALSE,TRUE,FALSE,1,"exclusive","D"
"5535",FALSE,FALSE,TRUE,FALSE,1,"exclusive","D"
"5656",FALSE,FALSE,TRUE,TRUE,2,"shared",NA
"5658",FALSE,FALSE,TRUE,TRUE,2,"shared",NA
"5661",FALSE,FALSE,TRUE,TRUE,2,"shared",NA
"5663",FALSE,FALSE,TRUE,TRUE,2,"shared",NA
"5664",FALSE,FALSE,TRUE,TRUE,2,"shared",NA
"5666",FALSE,FALSE,TRUE,FALSE,1,"exclusive","D"
"5667",FALSE,FALSE,TRUE,TRUE,2,"shared",NA
"5669",FALSE,FALSE,TRUE,TRUE,2,"shared",NA
"5672",FALSE,FALSE,TRUE,FALSE,1,"exclusive","D"
"5679",FALSE,FALSE,TRUE,TRUE,2,"shared",NA
"5680",FALSE,FALSE,TRUE,FALSE,1,"exclusive","D"
"5681",FALSE,FALSE,TRUE,TRUE,2,"shared",NA
"6273",FALSE,FALSE,TRUE,TRUE,2,"shared",NA
"6575",FALSE,FALSE,TRUE,FALSE,1,"exclusive","D"
"6801",FALSE,FALSE,TRUE,TRUE,2,"shared",NA
"6957",FALSE,FALSE,TRUE,FALSE,1,"exclusive","D"
"7333",FALSE,FALSE,TRUE,FALSE,1,"exclusive","D"
"7585",FALSE,FALSE,TRUE,FALSE,1,"exclusive","D"
"7813",FALSE,FALSE,TRUE,FALSE,1,"exclusive","D"
"7814",FALSE,FALSE,TRUE,FALSE,1,"exclusive","D"
"7909",FALSE,FALSE,TRUE,TRUE,2,"shared",NA
"7910",FALSE,FALSE,TRUE,TRUE,2,"shared",NA
"8097",FALSE,FALSE,TRUE,FALSE,1,"exclusive","D"
"190",FALSE,FALSE,TRUE,FALSE,1,"exclusive","D"
"5920",FALSE,FALSE,TRUE,FALSE,1,"exclusive","D"
"8162",FALSE,FALSE,TRUE,FALSE,1,"exclusive","D"
"8174",FALSE,FALSE,TRUE,FALSE,1,"exclusive","D"
"182",FALSE,FALSE,TRUE,FALSE,1,"exclusive","D"
"189",FALSE,FALSE,TRUE,FALSE,1,"exclusive","D"
"751",FALSE,FALSE,TRUE,FALSE,1,"exclusive","D"
"1296",FALSE,FALSE,TRUE,FALSE,1,"exclusive","D"
"1300",FALSE,FALSE,TRUE,FALSE,1,"exclusive","D"
"1311",FALSE,FALSE,TRUE,FALSE,1,"exclusive","D"
"1313",FALSE,FALSE,TRUE,FALSE,1,"exclusive","D"
"1637",FALSE,FALSE,TRUE,FALSE,1,"exclusive","D"
"1877",FALSE,FALSE,TRUE,FALSE,1,"exclusive","D"
"1884",FALSE,FALSE,TRUE,FALSE,1,"exclusive","D"
"1908",FALSE,FALSE,TRUE,FALSE,1,"exclusive","D"
"1909",FALSE,FALSE,TRUE,FALSE,1,"exclusive","D"
"1910",FALSE,FALSE,TRUE,FALSE,1,"exclusive","D"
"1912",FALSE,FALSE,TRUE,FALSE,1,"exclusive","D"
"1914",FALSE,FALSE,TRUE,FALSE,1,"exclusive","D"
"2037",FALSE,FALSE,TRUE,FALSE,1,"exclusive","D"
"2448",FALSE,FALSE,TRUE,FALSE,1,"exclusive","D"
"2475",FALSE,FALSE,TRUE,FALSE,1,"exclusive","D"
"2768",FALSE,FALSE,TRUE,FALSE,1,"exclusive","D"
"2771",FALSE,FALSE,TRUE,FALSE,1,"exclusive","D"
"2774",FALSE,FALSE,TRUE,FALSE,1,"exclusive","D"
"2776",FALSE,FALSE,TRUE,FALSE,1,"exclusive","D"
"2780",FALSE,FALSE,TRUE,FALSE,1,"exclusive","D"
"2782",FALSE,FALSE,TRUE,FALSE,1,"exclusive","D"
"3002",FALSE,FALSE,TRUE,FALSE,1,"exclusive","D"
"3160",FALSE,FALSE,TRUE,FALSE,1,"exclusive","D"
"3172",FALSE,FALSE,TRUE,FALSE,1,"exclusive","D"
"3173",FALSE,FALSE,TRUE,FALSE,1,"exclusive","D"
"3322",FALSE,FALSE,TRUE,FALSE,1,"exclusive","D"
"3821",FALSE,FALSE,TRUE,FALSE,1,"exclusive","D"
"3822",FALSE,FALSE,TRUE,FALSE,1,"exclusive","D"
"3824",FALSE,FALSE,TRUE,FALSE,1,"exclusive","D"
"3826",FALSE,FALSE,TRUE,FALSE,1,"exclusive","D"
"4035",FALSE,FALSE,TRUE,FALSE,1,"exclusive","D"
"4040",FALSE,FALSE,TRUE,FALSE,1,"exclusive","D"
"4105",FALSE,FALSE,TRUE,FALSE,1,"exclusive","D"
"4106",FALSE,FALSE,TRUE,FALSE,1,"exclusive","D"
"4108",FALSE,FALSE,TRUE,FALSE,1,"exclusive","D"
"4113",FALSE,FALSE,TRUE,FALSE,1,"exclusive","D"
"4115",FALSE,FALSE,TRUE,FALSE,1,"exclusive","D"
"4116",FALSE,FALSE,TRUE,FALSE,1,"exclusive","D"
"4117",FALSE,FALSE,TRUE,FALSE,1,"exclusive","D"
"4119",FALSE,FALSE,TRUE,FALSE,1,"exclusive","D"
"4120",FALSE,FALSE,TRUE,FALSE,1,"exclusive","D"
"4122",FALSE,FALSE,TRUE,FALSE,1,"exclusive","D"
"4123",FALSE,FALSE,TRUE,FALSE,1,"exclusive","D"
"4124",FALSE,FALSE,TRUE,FALSE,1,"exclusive","D"
"4125",FALSE,FALSE,TRUE,FALSE,1,"exclusive","D"
"4127",FALSE,FALSE,TRUE,FALSE,1,"exclusive","D"
"4130",FALSE,FALSE,TRUE,FALSE,1,"exclusive","D"
"4131",FALSE,FALSE,TRUE,FALSE,1,"exclusive","D"
"4133",FALSE,FALSE,TRUE,FALSE,1,"exclusive","D"
"4488",FALSE,FALSE,TRUE,FALSE,1,"exclusive","D"
"4990",FALSE,FALSE,TRUE,FALSE,1,"exclusive","D"
"4991",FALSE,FALSE,TRUE,FALSE,1,"exclusive","D"
"4992",FALSE,FALSE,TRUE,FALSE,1,"exclusive","D"
"4993",FALSE,FALSE,TRUE,FALSE,1,"exclusive","D"
"4995",FALSE,FALSE,TRUE,FALSE,1,"exclusive","D"
"5012",FALSE,FALSE,TRUE,FALSE,1,"exclusive","D"
"5093",FALSE,FALSE,TRUE,FALSE,1,"exclusive","D"
"5484",FALSE,FALSE,TRUE,FALSE,1,"exclusive","D"
"5488",FALSE,FALSE,TRUE,FALSE,1,"exclusive","D"
"5494",FALSE,FALSE,TRUE,FALSE,1,"exclusive","D"
"5495",FALSE,FALSE,TRUE,FALSE,1,"exclusive","D"
"5505",FALSE,FALSE,TRUE,FALSE,1,"exclusive","D"
"5513",FALSE,FALSE,TRUE,FALSE,1,"exclusive","D"
"5514",FALSE,FALSE,TRUE,FALSE,1,"exclusive","D"
"5529",FALSE,FALSE,TRUE,FALSE,1,"exclusive","D"
"5632",FALSE,FALSE,TRUE,FALSE,1,"exclusive","D"
"5633",FALSE,FALSE,TRUE,FALSE,1,"exclusive","D"
"5635",FALSE,FALSE,TRUE,FALSE,1,"exclusive","D"
"5797",FALSE,FALSE,TRUE,FALSE,1,"exclusive","D"
"5798",FALSE,FALSE,TRUE,FALSE,1,"exclusive","D"
"6088",FALSE,FALSE,TRUE,FALSE,1,"exclusive","D"
"6094",FALSE,FALSE,TRUE,FALSE,1,"exclusive","D"
"6110",FALSE,FALSE,TRUE,FALSE,1,"exclusive","D"
"6421",FALSE,FALSE,TRUE,FALSE,1,"exclusive","D"
"6468",FALSE,FALSE,TRUE,FALSE,1,"exclusive","D"
"6511",FALSE,FALSE,TRUE,FALSE,1,"exclusive","D"
"6518",FALSE,FALSE,TRUE,FALSE,1,"exclusive","D"
"6519",FALSE,FALSE,TRUE,FALSE,1,"exclusive","D"
"6521",FALSE,FALSE,TRUE,FALSE,1,"exclusive","D"
"6523",FALSE,FALSE,TRUE,FALSE,1,"exclusive","D"
"6525",FALSE,FALSE,TRUE,FALSE,1,"exclusive","D"
"6527",FALSE,FALSE,TRUE,FALSE,1,"exclusive","D"
"6528",FALSE,FALSE,TRUE,FALSE,1,"exclusive","D"
"6529",FALSE,FALSE,TRUE,FALSE,1,"exclusive","D"
"6530",FALSE,FALSE,TRUE,FALSE,1,"exclusive","D"
"6696",FALSE,FALSE,TRUE,FALSE,1,"exclusive","D"
"6698",FALSE,FALSE,TRUE,FALSE,1,"exclusive","D"
"6719",FALSE,FALSE,TRUE,FALSE,1,"exclusive","D"
"6897",FALSE,FALSE,TRUE,FALSE,1,"exclusive","D"
"7109",FALSE,FALSE,TRUE,FALSE,1,"exclusive","D"
"7110",FALSE,FALSE,TRUE,FALSE,1,"exclusive","D"
"7111",FALSE,FALSE,TRUE,FALSE,1,"exclusive","D"
"7140",FALSE,FALSE,TRUE,FALSE,1,"exclusive","D"
"7141",FALSE,FALSE,TRUE,FALSE,1,"exclusive","D"
"7142",FALSE,FALSE,TRUE,FALSE,1,"exclusive","D"
"7143",FALSE,FALSE,TRUE,FALSE,1,"exclusive","D"
"7144",FALSE,FALSE,TRUE,FALSE,1,"exclusive","D"
"7145",FALSE,FALSE,TRUE,FALSE,1,"exclusive","D"
"7265",FALSE,FALSE,TRUE,FALSE,1,"exclusive","D"
"7269",FALSE,FALSE,TRUE,FALSE,1,"exclusive","D"
"7274",FALSE,FALSE,TRUE,FALSE,1,"exclusive","D"
"7275",FALSE,FALSE,TRUE,FALSE,1,"exclusive","D"
"7279",FALSE,FALSE,TRUE,FALSE,1,"exclusive","D"
"7350",FALSE,FALSE,TRUE,FALSE,1,"exclusive","D"
"7354",FALSE,FALSE,TRUE,FALSE,1,"exclusive","D"
"7355",FALSE,FALSE,TRUE,FALSE,1,"exclusive","D"
"7507",FALSE,FALSE,TRUE,FALSE,1,"exclusive","D"
"7508",FALSE,FALSE,TRUE,FALSE,1,"exclusive","D"
"8043",FALSE,FALSE,TRUE,FALSE,1,"exclusive","D"
"8046",FALSE,FALSE,TRUE,FALSE,1,"exclusive","D"
"8104",FALSE,FALSE,TRUE,FALSE,1,"exclusive","D"
"8109",FALSE,FALSE,TRUE,FALSE,1,"exclusive","D"
"8158",FALSE,FALSE,TRUE,FALSE,1,"exclusive","D"
"8160",FALSE,FALSE,TRUE,FALSE,1,"exclusive","D"
"8163",FALSE,FALSE,TRUE,FALSE,1,"exclusive","D"
"8164",FALSE,FALSE,TRUE,FALSE,1,"exclusive","D"
"8165",FALSE,FALSE,TRUE,FALSE,1,"exclusive","D"
"8167",FALSE,FALSE,TRUE,FALSE,1,"exclusive","D"
"8168",FALSE,FALSE,TRUE,FALSE,1,"exclusive","D"
"8169",FALSE,FALSE,TRUE,FALSE,1,"exclusive","D"
"8170",FALSE,FALSE,TRUE,FALSE,1,"exclusive","D"
"8171",FALSE,FALSE,TRUE,FALSE,1,"exclusive","D"
"8172",FALSE,FALSE,TRUE,FALSE,1,"exclusive","D"
"8173",FALSE,FALSE,TRUE,FALSE,1,"exclusive","D"
"5693",FALSE,FALSE,FALSE,TRUE,1,"exclusive","C"
"2531",FALSE,FALSE,FALSE,TRUE,1,"exclusive","C"
"5049",FALSE,FALSE,FALSE,TRUE,1,"exclusive","C"
"2532",FALSE,FALSE,FALSE,TRUE,1,"exclusive","C"
"7474",FALSE,FALSE,FALSE,TRUE,1,"exclusive","C"
"6941",FALSE,FALSE,FALSE,TRUE,1,"exclusive","C"
